filename,caption
image_0.jpg,Yijia Building of Tongji University / TJAD Atelier L+ - Exterior Photography
image_1.jpg,"Yijia Building of Tongji University / TJAD Atelier L+ - Interior Photography, Stairs"
image_2.jpg,"Embassy of the State of Kuwait / Architectkidd - Interior Photography, Bathroom"
image_3.jpg,"Embassy of the State of Kuwait / Architectkidd - Interior Photography, Wood, Glass"
image_4.jpg," Zhongli Peng's Residence / WEN Architect - Interior Photography, Wood, Glass"
image_5.jpg," Zhongli Peng's Residence / WEN Architect - Exterior Photography, Stairs, Balcony"
image_6.jpg,"Astroscale US Headquarters / Neoera - Interior Photography, Glass"
image_7.jpg,Astroscale US Headquarters / Neoera - Interior Photography
image_8.jpg,The MAP Administrative House of the Province of Namur / SAMYN and PARTNERS - Exterior Photography
image_9.jpg,"The MAP Administrative House of the Province of Namur / SAMYN and PARTNERS - Interior Photography, Wood"
image_10.jpg,Element Labs at University Research Park / Perkins+Will - Exterior Photography
image_11.jpg,"Element Labs at University Research Park / Perkins+Will - Exterior Photography, Facade"
image_12.jpg,Nikola Karabatic Sports Complex / Atelier Aconcept - Exterior Photography
image_13.jpg,Nikola Karabatic Sports Complex / Atelier Aconcept - Exterior Photography
image_14.jpg,Xilu Garden Observation Tower / atelier mearc - Exterior Photography
image_15.jpg,Xilu Garden Observation Tower / atelier mearc - Exterior Photography
image_16.jpg,"Villa Miro / Driss Kettani - Exterior Photography, Balcony"
image_17.jpg,"Villa Miro / Driss Kettani - Interior Photography, Wood, Chair"
image_18.jpg,"Horli Baking / True Thing Design Studio - Interior Photography, Lighting"
image_19.jpg,"Horli Baking / True Thing Design Studio - Interior Photography, Kitchen, Wood"
image_20.jpg,"Residense in Vilnius / Architectural Bureau G.Natkevicius & Partners - Interior Photography, Living Room, Chair, Lighting, Table"
image_21.jpg,"Residense in Vilnius / Architectural Bureau G.Natkevicius & Partners - Interior Photography, Closet, Wood, Lighting, Glass, Shelving"
image_22.jpg,"Art Legacy Hotel / Rebelo Andrade - Exterior Photography, Facade, Arch, Balcony, Arcade"
image_23.jpg,"Art Legacy Hotel / Rebelo Andrade - Interior Photography, Living Room, Lighting, Chair"
image_24.jpg,CRS79 Residence / OAD - Exterior Photography
image_25.jpg,CRS79 Residence / OAD - Drawings
image_26.jpg,Casa La Paz / Ludwig Godefroy Architecture - Exterior Photography
image_27.jpg,"Casa La Paz / Ludwig Godefroy Architecture - Interior Photography, Concrete, Chair"
image_28.jpg,Poodom Deqin Meri Hotel / BUZZ/ Büro Ziyu Zhuang - Exterior Photography
image_29.jpg,Poodom Deqin Meri Hotel / BUZZ/ Büro Ziyu Zhuang - Interior Photography
image_30.jpg,"Villa 144 / Lin3rd Architects  - Exterior Photography, Balcony"
image_31.jpg,Villa 144 / Lin3rd Architects  - Exterior Photography
image_32.jpg,Westminster Residence / Batay-Csorba Architects - Exterior Photography
image_33.jpg,"Westminster Residence / Batay-Csorba Architects - Interior Photography, Wood, Kitchen, Countertop"
image_34.jpg,Bumpsuit Store / Fox Fox Studio - Interior Photography
image_35.jpg,"Bumpsuit Store / Fox Fox Studio - Interior Photography, Closet"
image_36.jpg,Textile Factory Office / Ho Khue Architects - Exterior Photography
image_37.jpg,"Textile Factory Office / Ho Khue Architects - Exterior Photography, Balcony"
image_38.jpg,School Group Cap de Bos / BPM Architectes - Exterior Photography
image_39.jpg,School Group Cap de Bos / BPM Architectes - Interior Photography
image_40.jpg,"“KIDE” Outdoor Stage / Aalto University Wood Program - Exterior Photography, Wood"
image_41.jpg,"“KIDE” Outdoor Stage / Aalto University Wood Program - Interior Photography, Stairs"
image_42.jpg,"Brahminy House / HGA.Studio - Interior Photography, Living Room, Wood, Chair"
image_43.jpg,"Brahminy House / HGA.Studio - Exterior Photography, Balcony"
image_44.jpg,"The Canopy Pavilion by the Canal / AESEU Architectural Technology and Art studio - Exterior Photography, Waterfront, Cityscape"
image_45.jpg,The Canopy Pavilion by the Canal / AESEU Architectural Technology and Art studio - Interior Photography
image_46.jpg,"Element House / APOLLO Architects & Associates - Exterior Photography, Concrete"
image_47.jpg,"Element House / APOLLO Architects & Associates - Interior Photography, Concrete"
image_48.jpg,Casa CG / Alventosa Morell Arquitectes  - Exterior Photography
image_49.jpg,"Casa CG / Alventosa Morell Arquitectes  - Exterior Photography, Concrete"
image_50.jpg,"Pine Heath Townhouse / Studio Hagen Hall - Interior Photography, Wood, Lighting, Sofa"
image_51.jpg,"Pine Heath Townhouse / Studio Hagen Hall - Exterior Photography, Facade, Balcony"
image_52.jpg,Madwaleni River Lodge / Luxury Frontiers - Exterior Photography
image_53.jpg,"Madwaleni River Lodge / Luxury Frontiers - Interior Photography, Wood, Lighting"
image_54.jpg,"Settler's House Conversion / Kloepfel Zeimer Architekten - Interior Photography, Wood, Beam"
image_55.jpg,Settler's House Conversion / Kloepfel Zeimer Architekten - Interior Photography
image_56.jpg,"Lapland Central Hospital Extension / Verstas Architects - Exterior Photography, Facade"
image_57.jpg,Lapland Central Hospital Extension / Verstas Architects - Exterior Photography
image_58.jpg,House E / Studio 1:1 Design - Exterior Photography
image_59.jpg,"House E / Studio 1:1 Design - Interior Photography, Dining room"
image_60.jpg,Straw Stack Space in Houhu Art Park / WCY Regional Studio - Interior Photography
image_61.jpg,"Straw Stack Space in Houhu Art Park / WCY Regional Studio - Exterior Photography, Concrete, Brick"
image_62.jpg,"Vitality House + Works / iredale pedersen hook architects - Exterior Photography, Concrete"
image_63.jpg,"Vitality House + Works / iredale pedersen hook architects - Interior Photography, Living Room, Wood, Sofa, Lighting, Table, Chair"
image_64.jpg,"Galgo House / Tati Tavares + Alex Dalcin Arquitetura - Interior Photography, Bedroom, Wood, Chair"
image_65.jpg,"Galgo House / Tati Tavares + Alex Dalcin Arquitetura - Exterior Photography, Garden, Courtyard, Patio"
image_66.jpg,North Boulder Library / WORKac - Exterior Photography
image_67.jpg,North Boulder Library / WORKac - Exterior Photography
image_68.jpg,"Woodbury House / Of Architecture - Exterior Photography, Facade, Door"
image_69.jpg,"Woodbury House / Of Architecture - Interior Photography, Wood, Shelving, Lighting, Glass"
image_70.jpg,"Clarke House / Austin Maynard Architects - Exterior Photography, Garden, Courtyard"
image_71.jpg,Clarke House / Austin Maynard Architects - Interior Photography
image_72.jpg,"Clarke House / Austin Maynard Architects - Exterior Photography, Garden, Courtyard"
image_73.jpg,Clarke House / Austin Maynard Architects - Interior Photography
image_74.jpg,Horsö House / BROSS + NICK FLYGT - Exterior Photography
image_75.jpg,Horsö House / BROSS + NICK FLYGT - Exterior Photography
image_76.jpg,Dohori House  / George Kouparitsas Architects - Exterior Photography
image_77.jpg,Dohori House  / George Kouparitsas Architects - Exterior Photography
image_78.jpg,Youjia'ao Community Center  / UA GROUP - Exterior Photography
image_79.jpg,Youjia'ao Community Center  / UA GROUP - Exterior Photography
image_80.jpg,COFCO Qianhai Innovation Center Office / Goettsch Partners - Exterior Photography
image_81.jpg,"COFCO Qianhai Innovation Center Office / Goettsch Partners - Exterior Photography, Glass, Cityscape"
image_82.jpg,"Casa Kani Ini / TAC Taller Alberto Calleja - Exterior Photography, Balcony"
image_83.jpg,"Casa Kani Ini / TAC Taller Alberto Calleja - Exterior Photography, Wood, Beam"
image_84.jpg,"Chez Riot Office Space / ūti architectes - Interior Photography, Wood, Lighting, Glass"
image_85.jpg,"Chez Riot Office Space / ūti architectes - Interior Photography, Wood, Chair"
image_86.jpg,Karratha Senior High School Technical Learning Facilities / iredale pedersen hook architects - Exterior Photography
image_87.jpg,Karratha Senior High School Technical Learning Facilities / iredale pedersen hook architects - Exterior Photography
image_88.jpg,"Su Yuan, House and Garden / Atelier Deshaus - Exterior Photography, Aerial View Photography"
image_89.jpg,"Su Yuan, House and Garden / Atelier Deshaus - Interior Photography"
image_90.jpg,"PR House / Plus Idea Studio - Exterior Photography, Concrete"
image_91.jpg,"PR House / Plus Idea Studio - Interior Photography, Wood, Chair"
image_92.jpg,Europa House / TWO Arquitetura - Interior Photography
image_93.jpg,"Europa House / TWO Arquitetura - Interior Photography, Wood, Balcony"
image_94.jpg,"Arklow Waste Water Treatment Plant / Clancy Moore Architects - Exterior Photography, Concrete"
image_95.jpg,"Arklow Waste Water Treatment Plant / Clancy Moore Architects - Exterior Photography, Concrete"
image_96.jpg,"Apartment V / Naki Atelier - Interior Photography, Kitchen, Chair"
image_97.jpg,"Apartment V / Naki Atelier - Interior Photography, Door, Concrete"
image_98.jpg,Křižík Pavilions Reconstruction / Výstaviště Praha - Interior Photography
image_99.jpg,"Křižík Pavilions Reconstruction / Výstaviště Praha - Interior Photography, Wood, Glass, Chair"
image_100.jpg,"Villa BEC / andrea pelati architecte - Interior Photography, Concrete"
image_101.jpg,"Villa BEC / andrea pelati architecte - Interior Photography, Concrete"
image_102.jpg,Mirae High School of Science & Technology Cafeteria Extension  / Bare Ground Architects - Exterior Photography
image_103.jpg,Mirae High School of Science & Technology Cafeteria Extension  / Bare Ground Architects - Exterior Photography
image_104.jpg,"Joan Maragall House / CA-N Estudi - Interior Photography, Stairs, Wood"
image_105.jpg,"Joan Maragall House / CA-N Estudi - Interior Photography, Kitchen, Wood, Countertop"
image_106.jpg,Panorama House / Studio B Architecture + Interiors - Interior Photography
image_107.jpg,Panorama House / Studio B Architecture + Interiors - Drawings
image_108.jpg,"Crane Island Residence / Vandervort Architects - Interior Photography, Living Room, Wood, Lighting, Sofa, Beam"
image_109.jpg,"Crane Island Residence / Vandervort Architects - Interior Photography, Kitchen, Wood, Beam, Chair"
image_110.jpg,STAY MORE Flagship Store / STAY Architects - Exterior Photography
image_111.jpg,"STAY MORE Flagship Store / STAY Architects - Interior Photography, Wood, Lighting, Chair, Bedroom"
image_112.jpg,"PAVONE / Design Studio Maoom - Interior Photography, Kitchen"
image_113.jpg,"PAVONE / Design Studio Maoom - Interior Photography, Lighting, Glass, Column"
image_114.jpg,"Beano's Café / SHEWEKAR Design Studio - Interior Photography, Lighting, Chair, Glass"
image_115.jpg,"Beano's Café / SHEWEKAR Design Studio - Interior Photography, Dining room, Wood, Lighting, Glass, Chair"
image_116.jpg,Quartiershaus am Stadtbalkon / feld72 - Exterior Photography
image_117.jpg,"Quartiershaus am Stadtbalkon / feld72 - Exterior Photography, Balcony, Concrete"
image_118.jpg,"Renovation Park Villa Eindhoven / Wenink Holtkamp Architecten - Exterior Photography, Door"
image_119.jpg,"Renovation Park Villa Eindhoven / Wenink Holtkamp Architecten - Exterior Photography, Wood"
image_120.jpg,"Simple Cuisine Gallery / HAS design and research - Interior Photography, Wood"
image_121.jpg,Simple Cuisine Gallery / HAS design and research - Interior Photography
image_122.jpg,Módulo João de Barro School / MACh Arquitetos + BIRI - Exterior Photography
image_123.jpg,"Módulo João de Barro School / MACh Arquitetos + BIRI - Interior Photography, Chair"
image_124.jpg,West Don Ravine Passive House / Poiesis Architecture - Exterior Photography
image_125.jpg,"West Don Ravine Passive House / Poiesis Architecture - Interior Photography, Living Room, Sofa, Table, Chair"
image_126.jpg,"Lafayette Anticipations X Café Mater / ūti architectes - Interior Photography, Shelving, Glass, Chair"
image_127.jpg,"Lafayette Anticipations X Café Mater / ūti architectes - Interior Photography, Wood, Lighting, Glass, Chair"
image_128.jpg,"Morinaga Shibaura Building / Takenaka Corporation - Exterior Photography, Facade, Balcony"
image_129.jpg,"Morinaga Shibaura Building / Takenaka Corporation - Interior Photography, Glass"
image_130.jpg,Casa Azzurra / Studio AdM - Exterior Photography
image_131.jpg,"Casa Azzurra / Studio AdM - Interior Photography, Living Room, Wood, Chair"
image_132.jpg,"DeValera Library and Suil Gallery / Keith Williams Architects - Exterior Photography, Concrete"
image_133.jpg,"DeValera Library and Suil Gallery / Keith Williams Architects - Exterior Photography, Facade, Concrete"
image_134.jpg,"45° Grid House / Objekt Architecten - Interior Photography, Concrete"
image_135.jpg,"45° Grid House / Objekt Architecten - Interior Photography, Concrete"
image_136.jpg,HUB26 Office Complex in Thessaloniki / Divercity Architects - Exterior Photography
image_137.jpg,"HUB26 Office Complex in Thessaloniki / Divercity Architects - Exterior Photography, Arcade"
image_138.jpg,"Malvern House / Studio Ceravolo - Interior Photography, Kitchen, Wood, Lighting, Chair"
image_139.jpg,"Malvern House / Studio Ceravolo - Interior Photography, Dining room, Wood, Table, Lighting, Chair, Glass"
image_140.jpg,"Office Elements of Nature / Source Architecture - Interior Photography, Wood, Beam"
image_141.jpg,"Office Elements of Nature / Source Architecture - Interior Photography, Wood, Beam"
image_142.jpg,"Nirmay Villa / The Grid Architects - Exterior Photography, Garden, Courtyard"
image_143.jpg,"Nirmay Villa / The Grid Architects - Interior Photography, Living Room, Wood, Chair, Beam"
image_144.jpg,"MMB Residence / Pitta Arquitetura - Interior Photography, Dining room, Wood, Kitchen, Table, Countertop, Chair, Lighting"
image_145.jpg,"MMB Residence / Pitta Arquitetura - Interior Photography, Wood, Chair"
image_146.jpg,"House WBVD / BASIL architecture - Interior Photography, Wood, Lighting, Glass, Chair, Stairs"
image_147.jpg,"House WBVD / BASIL architecture - Interior Photography, Stairs, Wood, Lighting, Glass, Chair"
image_148.jpg,"dP Apartment House / Tristan & Ju - Interior Photography, Living Room, Wood, Lighting, Chair"
image_149.jpg,"dP Apartment House / Tristan & Ju - Interior Photography, Living Room, Wood, Chair"
image_150.jpg,Ka'anche House / Ápiron - Exterior Photography
image_151.jpg,"Ka'anche House / Ápiron - Interior Photography, Dining room"
image_152.jpg,XAMK Kymenlaakso University of Applied Sciences / Architects NRT + AOR Architects - Exterior Photography
image_153.jpg,XAMK Kymenlaakso University of Applied Sciences / Architects NRT + AOR Architects - Exterior Photography
image_154.jpg,"Flying Fox House / George Banks Architecture - Interior Photography, Bedroom, Bed, Wood, Lighting"
image_155.jpg,"Flying Fox House / George Banks Architecture - Interior Photography, Kitchen, Wood, Countertop"
image_156.jpg,"Studyroom#1 / toolbox - Interior Photography, Kitchen, Wood, Lighting"
image_157.jpg,"Studyroom#1 / toolbox - Interior Photography, Kitchen, Wood, Lighting, Shelving"
image_158.jpg,"Alternative Hair Salon / PERMANENT Co., Ltd. - Interior Photography, Living Room, Lighting, Chair"
image_159.jpg,"Alternative Hair Salon / PERMANENT Co., Ltd. - Interior Photography, Wood, Lighting, Beam, Chair"
image_160.jpg,El Recer House / Viraje arquitectura - Interior Photography
image_161.jpg,"El Recer House / Viraje arquitectura - Interior Photography, Wood"
image_162.jpg,"Hata Dome / Anastasiya Dudik - Interior Photography, Chair"
image_163.jpg,"Hata Dome / Anastasiya Dudik - Interior Photography, Kitchen"
image_164.jpg,"The Echo of the Sea Holiday Home / Entopos Architects - Interior Photography, Living Room, Wood"
image_165.jpg,"The Echo of the Sea Holiday Home / Entopos Architects - Interior Photography, Wood"
image_166.jpg,"XIEZI Changsha Concept Store / JIEJIE STUDIO - Interior Photography, Wood, Shelving, Glass"
image_167.jpg,XIEZI Changsha Concept Store / JIEJIE STUDIO - Drawings
image_168.jpg,"Phimai Residence / Studio Bewell - Interior Photography, Living Room, Wood, Glass"
image_169.jpg,Phimai Residence / Studio Bewell - Exterior Photography
image_170.jpg,"Pavilhão Varanda House / ARQBR Arquitetura e Urbanismo - Interior Photography, Living Room, Patio, Chair"
image_171.jpg,"Pavilhão Varanda House / ARQBR Arquitetura e Urbanismo - Exterior Photography, Wood, Garden"
image_172.jpg,"Dutchmoor Valley Guesthouse / SEEK Design + Architecture - Interior Photography, Dining room, Wood, Chair, Glass, Beam, Countertop"
image_173.jpg,"Dutchmoor Valley Guesthouse / SEEK Design + Architecture - Interior Photography, Kitchen, Wood"
image_174.jpg,Festival Plaza El Gouna / Studio Seilern Architects - Exterior Photography
image_175.jpg,Festival Plaza El Gouna / Studio Seilern Architects - Exterior Photography
image_176.jpg,Ataraxia House / MEM Arquitectos - Exterior Photography
image_177.jpg,Ataraxia House / MEM Arquitectos - Exterior Photography
image_178.jpg,Growing Matter(s) Pavilion / Henning Larsen Architects - Interior Photography
image_179.jpg,Growing Matter(s) Pavilion / Henning Larsen Architects - Interior Photography
image_180.jpg,"LIH Residence / Atelier Rampazzi - Exterior Photography, Wood, Concrete, Courtyard, Balcony"
image_181.jpg,LIH Residence / Atelier Rampazzi - Exterior Photography
image_182.jpg,Urban Viewing Tower  / ISBA grupa projektowa - Exterior Photography
image_183.jpg,"Urban Viewing Tower  / ISBA grupa projektowa - Exterior Photography, Steel"
image_184.jpg,Remy Global Office Interior  / KAT73 - Interior Photography
image_185.jpg,"Remy Global Office Interior  / KAT73 - Interior Photography, Lighting"
image_186.jpg,"XT97 Modernist Housing / Lara Vartzioti - Exterior Photography, Balcony"
image_187.jpg,"XT97 Modernist Housing / Lara Vartzioti - Interior Photography, Glass"
image_188.jpg,"GIG Residence / Atelier Rampazzi - Exterior Photography, Garden, Concrete"
image_189.jpg,GIG Residence / Atelier Rampazzi - Interior Photography
image_190.jpg,"0 Club Coworking Space / DDAA - Interior Photography, Table, Lighting, Chair"
image_191.jpg,"0 Club Coworking Space / DDAA - Interior Photography, Kitchen, Chair"
image_192.jpg,
image_193.jpg,"Nabi House / Todot Architects and Partners - Exterior Photography, Concrete"
image_194.jpg,"Nabi House / Todot Architects and Partners - Exterior Photography, Concrete"
image_195.jpg,Earthenware House / NAQI & Partners - Exterior Photography
image_196.jpg,"Earthenware House / NAQI & Partners - Interior Photography, Wood, Lighting"
image_197.jpg,"La Sirène Pavilion and Madeleine Pelletier Youth Residence / Avenier Cornejo Architectes - Interior Photography, Kitchen"
image_198.jpg,La Sirène Pavilion and Madeleine Pelletier Youth Residence / Avenier Cornejo Architectes - Interior Photography
image_199.jpg,
image_200.jpg,"Rehethaan House / MuseLAB - Interior Photography, Wood, Lighting, Chair"
image_201.jpg,"Rehethaan House / MuseLAB - Interior Photography, Wood"
image_202.jpg,Path to Net Zero for Arts - Exhibition on Carbon Reduction / Üroborus_studioLab - Interior Photography
image_203.jpg,Path to Net Zero for Arts - Exhibition on Carbon Reduction / Üroborus_studioLab - Interior Photography
image_204.jpg,"116 Public Housing Units in Madrid / UNIA ARQUITECTOS + FAU ARQUITECTOS - Exterior Photography, Glass"
image_205.jpg,116 Public Housing Units in Madrid / UNIA ARQUITECTOS + FAU ARQUITECTOS - Exterior Photography
image_206.jpg,House of Color Downtown Oasis  / NOKE Architects - Interior Photography
image_207.jpg,House of Color Downtown Oasis  / NOKE Architects - Interior Photography
image_208.jpg,"Shenzhen Shekou School Renovation / YUARCHITECTS - Interior Photography, Concrete"
image_209.jpg,Shenzhen Shekou School Renovation / YUARCHITECTS - Exterior Photography
image_210.jpg,"Retreat House / Arii Irie Architects - Exterior Photography, Concrete"
image_211.jpg,"Retreat House / Arii Irie Architects - Interior Photography, Wood"
image_212.jpg,"Apartment M.3 / True Thing Design Studio - Interior Photography, Kitchen, Table, Wood, Chair, Lighting, Sofa"
image_213.jpg,Apartment M.3 / True Thing Design Studio - Drawings
image_214.jpg,La Géode Cinema / loci anima - Exterior Photography
image_215.jpg,"La Géode Cinema / loci anima - Interior Photography, Lighting, Glass, Column"
image_216.jpg,ABC K-Town / Steven Fong Architect - Exterior Photography
image_217.jpg,ABC K-Town / Steven Fong Architect - Exterior Photography
image_218.jpg,Kindergarten and Daycare Center / Roland Baldi Architects - Exterior Photography
image_219.jpg,Kindergarten and Daycare Center / Roland Baldi Architects - Exterior Photography
image_220.jpg,"Die Macherei Building Ensemble / Sauerbruch Hutton - Exterior Photography, Facade"
image_221.jpg,"Die Macherei Building Ensemble / Sauerbruch Hutton - Exterior Photography, Waterfront, Beam"
image_222.jpg,"TAM TAM Installation FuoriSalone / Alvisi Kirimoto + Partners - Exterior Photography, Column, Courtyard, Arcade"
image_223.jpg,TAM TAM Installation FuoriSalone / Alvisi Kirimoto + Partners - Drawings
image_224.jpg,Gymnase Marie Marvingt au Plessis-Bouchard / Ateliers O-S architectes - Exterior Photography
image_225.jpg,Gymnase Marie Marvingt au Plessis-Bouchard / Ateliers O-S architectes - Exterior Photography
image_226.jpg,Agora des Arts / Chevalier Morales Architectes - Exterior Photography
image_227.jpg,"Agora des Arts / Chevalier Morales Architectes - Interior Photography, Stairs, Wood, Handrail"
image_228.jpg,Sanders Mello Building / Buro/S Architects - Drawings
image_229.jpg,Sanders Mello Building / Buro/S Architects - Drawings
image_230.jpg,"AI Pavilion / Sauerbruch Hutton - Exterior Photography, Garden"
image_231.jpg,AI Pavilion / Sauerbruch Hutton - Interior Photography
image_232.jpg,"Saint-Denis 44 Housing Units / DREAM - Interior Photography, Balcony, Handrail"
image_233.jpg,"Saint-Denis 44 Housing Units / DREAM - Interior Photography, Balcony"
image_234.jpg,Sihaon Cafe and House Wedding / SPACE CHA - Interior Photography
image_235.jpg,Sihaon Cafe and House Wedding / SPACE CHA - Interior Photography
image_236.jpg,An Yue Qianlong·Guanzihe Village Agricultural Talent Center / Archermit - Exterior Photography
image_237.jpg,An Yue Qianlong·Guanzihe Village Agricultural Talent Center / Archermit - Exterior Photography
image_238.jpg,"ISA Residence / Pitta Arquitetura - Interior Photography, Living Room, Wood, Chair"
image_239.jpg,"ISA Residence / Pitta Arquitetura - Interior Photography, Kitchen, Wood, Table, Countertop, Chair"
image_240.jpg,
image_241.jpg,Facade Pattern H tower / Workment - Drawings
image_242.jpg,Facade Pattern H tower / Workment - Drawings
image_243.jpg,The Orb / MARC FORNES / THEVERYMANY - Exterior Photography
image_244.jpg,The Orb / MARC FORNES / THEVERYMANY - Exterior Photography
image_245.jpg,"Mengzi NSAU Bookstore of Librairie Avant-Garde / ZAO/Zhang Ke Architecture Office - Interior Photography, Column"
image_246.jpg,"Mengzi NSAU Bookstore of Librairie Avant-Garde / ZAO/Zhang Ke Architecture Office - Exterior Photography, Wood, Stairs"
image_247.jpg,"MYM House  / PASTOR Y GONZÁLEZ arquitectos - Exterior Photography, Wood, Concrete"
image_248.jpg,"MYM House  / PASTOR Y GONZÁLEZ arquitectos - Exterior Photography, Concrete"
image_249.jpg,The Giraffe Cabin / Wiki World + Advanced Architecture Lab - Exterior Photography
image_250.jpg,"The Giraffe Cabin / Wiki World + Advanced Architecture Lab - Exterior Photography, Wood"
image_251.jpg,PCW Residence / Pitta Arquitetura - Exterior Photography
image_252.jpg,"PCW Residence / Pitta Arquitetura - Interior Photography, Living Room, Wood, Chair"
image_253.jpg,Three Spatial Designs in the Huangyan Grottoes / Atelier Moo - Interior Photography
image_254.jpg,Three Spatial Designs in the Huangyan Grottoes / Atelier Moo - Interior Photography
image_255.jpg,"Clemson University Wilbur O. and Ann Powers College of Business / L3SP + LMN Architects  - Exterior Photography, Facade"
image_256.jpg,"Clemson University Wilbur O. and Ann Powers College of Business / L3SP + LMN Architects  - Interior Photography, Kitchen"
image_257.jpg,"Peper Multifunctional Building / Architecten De Bruyn - Interior Photography, Kitchen, Beam"
image_258.jpg,"Peper Multifunctional Building / Architecten De Bruyn - Exterior Photography, Facade, Concrete"
image_259.jpg,"Slow Rhythm Apartment / KC Design Studio - Interior Photography, Dining room"
image_260.jpg,"Slow Rhythm Apartment / KC Design Studio - Interior Photography, Chair"
image_261.jpg,K2 House / coil Kazuteru Matumura Architects - Exterior Photography
image_262.jpg,"K2 House / coil Kazuteru Matumura Architects - Interior Photography, Kitchen, Wood"
image_263.jpg,Cura's House / Atelier AAVV - Interior Photography
image_264.jpg,"Cura's House / Atelier AAVV - Interior Photography, Wood"
image_265.jpg,"The Houberg Estate / Dieter Blok + Sanne Eekel - Exterior Photography, Concrete, Beam"
image_266.jpg,"The Houberg Estate / Dieter Blok + Sanne Eekel - Interior Photography, Living Room, Wood, Sofa, Chair"
image_267.jpg,"Construction and Renovation of Shanghai University Yanchang Campus / ECADI Sigma Architects - Exterior Photography, Balcony"
image_268.jpg,"Construction and Renovation of Shanghai University Yanchang Campus / ECADI Sigma Architects - Interior Photography, Chair, Glass"
image_269.jpg,"Whispering Arc House / IDIEQ - Exterior Photography, Garden, Courtyard"
image_270.jpg,"Whispering Arc House / IDIEQ - Interior Photography, Living Room, Lighting, Arch, Chair"
image_271.jpg,"Frid Villa / Vapor arquitetura - Exterior Photography, Chair, Balcony, Courtyard, Patio"
image_272.jpg,"Frid Villa / Vapor arquitetura - Exterior Photography, Concrete"
image_273.jpg,"Wood is the New Black House / Java Architecture - Exterior Photography, Wood"
image_274.jpg,"Wood is the New Black House / Java Architecture - Interior Photography, Living Room, Wood"
image_275.jpg,1640 14th St Commercial & Offices / HGA - Exterior Photography
image_276.jpg,"1640 14th St Commercial & Offices / HGA - Interior Photography, Courtyard"
image_277.jpg,"Russet House / Mulroy Architects - Exterior Photography, Garden, Brick, Courtyard, Patio"
image_278.jpg,"Russet House / Mulroy Architects - Interior Photography, Kitchen, Countertop, Chair"
image_279.jpg,"Ca na Baldu i en Diego / Atzur arquitectura - Interior Photography, Kitchen, Wood, Chair"
image_280.jpg,"Ca na Baldu i en Diego / Atzur arquitectura - Interior Photography, Wood, Table, Chair"
image_281.jpg,"Grecov House / ARQBR Arquitetura e Urbanismo - Exterior Photography, Brick"
image_282.jpg,Grecov House / ARQBR Arquitetura e Urbanismo - Exterior Photography
image_283.jpg,"House in High Park / Ian MacDonald Architect Inc. - Exterior Photography, Wood, Garden"
image_284.jpg,"House in High Park / Ian MacDonald Architect Inc. - Interior Photography, Kitchen, Wood, Countertop, Chair"
image_285.jpg,House in Toxofal / Manuel Tojal Architects - Exterior Photography
image_286.jpg,"House in Toxofal / Manuel Tojal Architects - Interior Photography, Living Room, Wood"
image_287.jpg,"Linh Nam House / TOOB STUDIO - Interior Photography, Wood, Lighting, Chair"
image_288.jpg,"Linh Nam House / TOOB STUDIO - Interior Photography, Kitchen, Balcony"
image_289.jpg,"Distance and Dimensions / GRAY-ZONE Design Office - Exterior Photography, Concrete"
image_290.jpg,"Distance and Dimensions / GRAY-ZONE Design Office - Interior Photography, Wood"
image_291.jpg,"Isola Apartment / Archiplanstudio - Interior Photography, Kitchen, Wood, Lighting, Chair"
image_292.jpg,"Isola Apartment / Archiplanstudio - Interior Photography, Wood, Door"
image_293.jpg,"Participative social housing in Crolles / INDY ARCHITECTES - Exterior Photography, Balcony"
image_294.jpg,"Participative social housing in Crolles / INDY ARCHITECTES - Interior Photography, Balcony"
image_295.jpg,"Anatomy of a Dhow, Bahrain Pavilion Osaka Expo 2025 / Lina Ghotmeh Architecture - Exterior Photography"
image_296.jpg,"Anatomy of a Dhow, Bahrain Pavilion Osaka Expo 2025 / Lina Ghotmeh Architecture - Exterior Photography"
image_297.jpg,Head Office of French Federation of Canoe-Kayak and Paddle Sports / Le Studio Sanna Baldé - Exterior Photography
image_298.jpg,"Head Office of French Federation of Canoe-Kayak and Paddle Sports / Le Studio Sanna Baldé - Exterior Photography, Wood, Concrete"
image_299.jpg,"The Rental 2.0 / Ellison Studios - Interior Photography, Wood, Sofa, Lighting"
image_300.jpg,"The Rental 2.0 / Ellison Studios - Interior Photography, Wood, Lighting, Table, Chair"
image_301.jpg,
image_302.jpg,"Father & Bun / Atelier130 - Interior Photography, Living Room, Chair"
image_303.jpg,"Father & Bun / Atelier130 - Interior Photography, Lighting, Chair, Table, Countertop"
image_304.jpg,"Garner Residence / Davey McEathron Architecture - Interior Photography, Bathroom, Sink, Toilet, Countertop"
image_305.jpg,"Garner Residence / Davey McEathron Architecture - Exterior Photography, Balcony, Deck"
image_306.jpg,"Kalle Neukoelln Department Store Revitalization / Max Dudler - Exterior Photography, Facade"
image_307.jpg,Kalle Neukoelln Department Store Revitalization / Max Dudler - Exterior Photography
image_308.jpg,"Little Birch House / buck&simple - Interior Photography, Dining room, Wood, Chair, Stairs"
image_309.jpg,"Little Birch House / buck&simple - Interior Photography, Living Room, Chair"
image_310.jpg,Shafagh Tomb / 35-51 ARCHITECTURE Office - Exterior Photography
image_311.jpg,"Shafagh Tomb / 35-51 ARCHITECTURE Office - Interior Photography, Arch, Column, Arcade"
image_312.jpg,"Al Barari Apartment / BONE - Interior Photography, Wood, Chair"
image_313.jpg,"Al Barari Apartment / BONE - Interior Photography, Countertop, Glass"
image_314.jpg,"Pool House / buck&simple - Interior Photography, Wood, Lighting, Table, Chair, Glass"
image_315.jpg,"Pool House / buck&simple - Interior Photography, Dining room, Wood, Table, Chair, Lighting"
image_316.jpg,Vista Alegre House / LEIVA arquitetura - Exterior Photography
image_317.jpg,"Vista Alegre House / LEIVA arquitetura - Interior Photography, Living Room, Wood, Table, Chair, Sofa, Lighting, Beam, Door"
image_318.jpg,Pavillon A5 Faculty of Arts and Humanities / Saucier + Perrotte architectes - Exterior Photography
image_319.jpg,Pavillon A5 Faculty of Arts and Humanities / Saucier + Perrotte architectes - Exterior Photography
image_320.jpg,"GUM Metrology Campus / BDM'A - Exterior Photography, Courtyard"
image_321.jpg,"GUM Metrology Campus / BDM'A - Exterior Photography, Concrete"
image_322.jpg,the CORNER garden / VIASCAPE design - Exterior Photography
image_323.jpg,the CORNER garden / VIASCAPE design - Exterior Photography
image_324.jpg,"Stone Whisper Residence / KC Design Studio - Interior Photography, Kitchen"
image_325.jpg,"Stone Whisper Residence / KC Design Studio - Interior Photography, Kitchen"
image_326.jpg,"House on Deep Cove / ElliottArchitects - Exterior Photography, Facade, Door, Brick"
image_327.jpg,"House on Deep Cove / ElliottArchitects - Exterior Photography, Door"
image_328.jpg,Circular Pavilion / Fabian A. Wagner + Wiss. Ass. Louise Daussy + Hochschule Kaiserslautern University of Applied Sciences - Exterior Photography
image_329.jpg,Circular Pavilion / Fabian A. Wagner + Wiss. Ass. Louise Daussy + Hochschule Kaiserslautern University of Applied Sciences - Exterior Photography
image_330.jpg,"KYMS Technology Centre / Atelier Archmixing - Exterior Photography, Facade, Glass"
image_331.jpg,KYMS Technology Centre / Atelier Archmixing - Exterior Photography
image_332.jpg,"V+J House / NAW Studio - Interior Photography, Kitchen, Lighting, Countertop"
image_333.jpg,"V+J House / NAW Studio - Interior Photography, Glass"
image_334.jpg,"Fitzroy North House / buck&simple - Interior Photography, Wood, Table, Chair, Lighting, Sofa, Countertop"
image_335.jpg,"Fitzroy North House / buck&simple - Interior Photography, Wood, Countertop, Table, Chair, Kitchen, Lighting"
image_336.jpg,"Aguiar Social Center / Pereira Miguel Arquitectos - Interior Photography, Dining room, Shelving, Table, Chair, Windows"
image_337.jpg,"Aguiar Social Center / Pereira Miguel Arquitectos - Interior Photography, Closet, Shelving"
image_338.jpg,Meraki Hotel / Sigurd Larsen - Exterior Photography
image_339.jpg,Meraki Hotel / Sigurd Larsen - Exterior Photography
image_340.jpg,"House with Gills / beef architekti - Interior Photography, Kitchen, Wood, Door, Glass"
image_341.jpg,"House with Gills / beef architekti - Interior Photography, Kitchen, Wood, Door"
image_342.jpg,"Saba House / Project 51 A (h) - Exterior Photography, Garden"
image_343.jpg,"Saba House / Project 51 A (h) - Interior Photography, Wood"
image_344.jpg,House 28  / studio edwards - Forest
image_345.jpg,House 28  / studio edwards - Drawings
image_346.jpg,"Broomhill Road House / Urban Projects Bureau - Interior Photography, Wood, Stairs, Handrail"
image_347.jpg,"Broomhill Road House / Urban Projects Bureau - Exterior Photography, Facade, Door, Garden, Courtyard"
image_348.jpg,"VERTICAL Building / NL Architects + Space Encounters + Studio Donna van Milligen Bielke + Chris Collaris Architects + VDNDP + i29 architects - Exterior Photography, Cityscape"
image_349.jpg,VERTICAL Building / NL Architects + Space Encounters + Studio Donna van Milligen Bielke + Chris Collaris Architects + VDNDP + i29 architects - Exterior Photography
image_350.jpg,"Pierre and Colette Soulages  Primary School / NAS architecture + GTA - Exterior Photography, Concrete, Courtyard"
image_351.jpg,"Pierre and Colette Soulages  Primary School / NAS architecture + GTA - Interior Photography, Lighting, Glass, Arcade"
image_352.jpg,"Guaecá House / Estúdio Rossi Arquitetos - Exterior Photography, Balcony"
image_353.jpg,"Guaecá House / Estúdio Rossi Arquitetos - Exterior Photography, Balcony"
image_354.jpg,"Columnating / Found Projects + Atelier Noirs - Exterior Photography, Concrete, Column"
image_355.jpg,Columnating / Found Projects + Atelier Noirs - Drawings
image_356.jpg,"Storage X Domaine 17 Showroom / Temp Project - Interior Photography, Concrete"
image_357.jpg,"Storage X Domaine 17 Showroom / Temp Project - Interior Photography, Concrete"
image_358.jpg,"Popadich House / Davor Popadich Architects - Interior Photography, Living Room, Wood, Table, Chair, Beam"
image_359.jpg,"Popadich House / Davor Popadich Architects - Interior Photography, Wood, Deck"
image_360.jpg,"Iorram Cottage / Baillie Baillie Architects - Interior Photography, Wood, Table, Chair"
image_361.jpg,"Iorram Cottage / Baillie Baillie Architects - Interior Photography, Bedroom, Wood"
image_362.jpg,"Element Store / atelier tao+c - Interior Photography, Wood"
image_363.jpg,"Element Store / atelier tao+c - Interior Photography, Kitchen, Wood"
image_364.jpg,Jackfruit Processing Unit and Community Centre / atArchitecture - Interior Photography
image_365.jpg,Jackfruit Processing Unit and Community Centre / atArchitecture - Exterior Photography
image_366.jpg,"Inouï Collective Housing / A6A - Exterior Photography, Balcony"
image_367.jpg,"Inouï Collective Housing / A6A - Interior Photography, Balcony, Concrete, Handrail"
image_368.jpg,"House on the Sand / ARX Portugal Arquitectos - Exterior Photography, Wood"
image_369.jpg,"House on the Sand / ARX Portugal Arquitectos - Interior Photography, Wood"
image_370.jpg,"House of Material and Character / SHROFFLEóN - Interior Photography, Stairs, Lighting, Handrail"
image_371.jpg,"House of Material and Character / SHROFFLEóN - Interior Photography, Concrete"
image_372.jpg,"Red Cedar Lake House / Lundin Architects - Exterior Photography, Wood, Door, Beam"
image_373.jpg,"Red Cedar Lake House / Lundin Architects - Interior Photography, Living Room, Sofa, Wood, Chair, Table, Lighting, Brick"
image_374.jpg,Osaka Expo 2025 Japan Pavilion / Nikken Sekkei - Exterior Photography
image_375.jpg,"Osaka Expo 2025 Japan Pavilion / Nikken Sekkei - Interior Photography, Kitchen"
image_376.jpg,"River Bend Repair / Vaughan Howard Architects with InPlace - Interior Photography, Living Room, Wood, Brick, Chair"
image_377.jpg,"River Bend Repair / Vaughan Howard Architects with InPlace - Interior Photography, Dining room, Wood, Chair, Brick"
image_378.jpg,"Chiostro Illuminato Installation / STUDIO TEPHRA - Interior Photography, Wood"
image_379.jpg,"Chiostro Illuminato Installation / STUDIO TEPHRA - Interior Photography, Wood, Beam"
image_380.jpg,The Singapore EDITION and Boulevard 88 / Safdie Architects - Exterior Photography
image_381.jpg,The Singapore EDITION and Boulevard 88 / Safdie Architects - Exterior Photography
image_382.jpg,The Katyń Museum  / BBGK Architekci - Interior Photography
image_383.jpg,The Katyń Museum  / BBGK Architekci - Exterior Photography
image_384.jpg,Health and Community Centre of Excellence  / Architectus - Exterior Photography
image_385.jpg,Health and Community Centre of Excellence  / Architectus - Exterior Photography
image_386.jpg,"Alica Bakery / Studio Etienne Bastormagi - Exterior Photography, Chair, Patio"
image_387.jpg,"Alica Bakery / Studio Etienne Bastormagi - Interior Photography, Wood, Lighting, Table, Chair"
image_388.jpg,Entreverdes House / 24 7 Arquitetura - Exterior Photography
image_389.jpg,"Entreverdes House / 24 7 Arquitetura - Interior Photography, Dining room, Wood, Table, Chair, Lighting"
image_390.jpg,"ReSidence Research Installation / Karlsruhe Institute of Technology (KIT) + FibR GmbH - Exterior Photography, Wood"
image_391.jpg,"ReSidence Research Installation / Karlsruhe Institute of Technology (KIT) + FibR GmbH - Exterior Photography, Wood, Beam"
image_392.jpg,"Renovation of the ""Nooks and Corners"" Space in Hongye Garden / Greyspace Architects - Exterior Photography"
image_393.jpg,"Renovation of the ""Nooks and Corners"" Space in Hongye Garden / Greyspace Architects - Exterior Photography, Balcony"
image_394.jpg,"STUDS Hair Salon / nevertheless /  Yusuke Sagawa Architects - Interior Photography, Glass"
image_395.jpg,"STUDS Hair Salon / nevertheless /  Yusuke Sagawa Architects - Interior Photography, Chair, Lighting"
image_396.jpg,"Oak Grove Park / PUPA Life Over Space - Exterior Photography, Aerial View Photography, Cityscape"
image_397.jpg,"Oak Grove Park / PUPA Life Over Space - Exterior Photography, Concrete"
image_398.jpg,Hellestø Cabin / Helen & Hard - Exterior Photography
image_399.jpg,"Hellestø Cabin / Helen & Hard - Interior Photography, Wood"
image_400.jpg,NSA 14 – 205 Social Housing Units for EMVS / Ricardo Sánchez González - Exterior Photography
image_401.jpg,NSA 14 – 205 Social Housing Units for EMVS / Ricardo Sánchez González - Exterior Photography
image_402.jpg,"Tanatap Heritage Garden / RAD+ar (Research Artistic Design + architecture) - Interior Photography, Lighting"
image_403.jpg,"Tanatap Heritage Garden / RAD+ar (Research Artistic Design + architecture) - Interior Photography, Kitchen, Lighting, Column, Chair"
image_404.jpg,"Senvagė Park / PUPA Life Over Space - Exterior Photography, Garden"
image_405.jpg,"Senvagė Park / PUPA Life Over Space - Exterior Photography, Waterfront"
image_406.jpg,Unusual HQ / Corstorphine & Wright - Exterior Photography
image_407.jpg,"Unusual HQ / Corstorphine & Wright - Interior Photography, Living Room, Wood"
image_408.jpg,"9 on Nares Apartment Building / Two Five Five Architects - Exterior Photography, Concrete"
image_409.jpg,"9 on Nares Apartment Building / Two Five Five Architects - Exterior Photography, Brick"
image_410.jpg,Cobot Hub / 3XN - Exterior Photography
image_411.jpg,"Cobot Hub / 3XN - Exterior Photography, Glass"
image_412.jpg,"Torriden Flagship Store / YGGGR - Exterior Photography, Glass"
image_413.jpg,"Torriden Flagship Store / YGGGR - Exterior Photography, Glass"
image_414.jpg,"Cycle and Pedestrian Crossing Over the Fareja Bridge / Rómulo Neto Arquitetos - Exterior Photography, Waterfront"
image_415.jpg,Cycle and Pedestrian Crossing Over the Fareja Bridge / Rómulo Neto Arquitetos - Exterior Photography
image_416.jpg,House b·o / driearchitecten - Drawings
image_417.jpg,House b·o / driearchitecten - Drawings
image_418.jpg,"Nossa House / Studio Astolfi - Interior Photography, Table, Chair, Beam"
image_419.jpg,Nossa House / Studio Astolfi - Exterior Photography
image_420.jpg,"Rose Mary Cafe / Chiasmus Partners - Exterior Photography, Balcony"
image_421.jpg,"Rose Mary Cafe / Chiasmus Partners - Exterior Photography, Balcony"
image_422.jpg,Machikado Project in Asahi-cho / Plan 21 - Exterior Photography
image_423.jpg,"Machikado Project in Asahi-cho / Plan 21 - Exterior Photography, Garden"
image_424.jpg,Education Centre University of Groningen / KAAN Architecten - Interior Photography
image_425.jpg,Education Centre University of Groningen / KAAN Architecten - Exterior Photography
image_426.jpg,"Kid Cabin / Imaginary Objects - Exterior Photography, Wood"
image_427.jpg,"Kid Cabin / Imaginary Objects - Interior Photography, Wood, Beam"
image_428.jpg,"CyPARK / Various Associates - Exterior Photography, Glass"
image_429.jpg,CyPARK / Various Associates - Exterior Photography
image_430.jpg,IEIE House / MASA Architects - Exterior Photography
image_431.jpg,"IEIE House / MASA Architects - Interior Photography, Stairs, Wood, Lighting"
image_432.jpg,Pavuna Park / Embyá - Paisagismo Ecossistêmico - Exterior Photography
image_433.jpg,Pavuna Park / Embyá - Paisagismo Ecossistêmico - Exterior Photography
image_434.jpg,"Early Childhood Center / Guillaume Ramillien Architecture - Exterior Photography, Wood"
image_435.jpg,"Early Childhood Center / Guillaume Ramillien Architecture - Exterior Photography, Wood, Garden"
image_436.jpg,"AD Classics: Nordic Pavilion, Venice / Sverre Fehn - Interior Photography, Stairs, Handrail, Beam"
image_437.jpg,AD Classics: Nordic Pavilion in Venice / Sverre Fehn - Concrete
image_438.jpg,Cityplot Buiksloterham / Studioninedots + DELVA Landscape Architecture - Exterior Photography
image_439.jpg,Cityplot Buiksloterham / Studioninedots + DELVA Landscape Architecture - Exterior Photography
image_440.jpg,"CIMI Restaurant / Jo Nagasaka + Schemata Architects - Interior Photography, Dining room, Wood, Lighting, Chair"
image_441.jpg,"CIMI Restaurant / Jo Nagasaka + Schemata Architects - Interior Photography, Wood, Table, Chair"
image_442.jpg,"AUM Cabins / Arthur Kariev Architects - Interior Photography, Wood"
image_443.jpg,"AUM Cabins / Arthur Kariev Architects - Interior Photography, Kitchen"
image_444.jpg,"bofumil sendagaya Café / Jo Nagasaka + Schemata Architects - Interior Photography, Living Room, Door"
image_445.jpg,bofumil sendagaya Café / Jo Nagasaka + Schemata Architects - Exterior Photography
image_446.jpg,Levada House / Tsou Arquitectos  - Exterior Photography
image_447.jpg,"Levada House / Tsou Arquitectos  - Exterior Photography, Concrete"
image_448.jpg,House in the Bolognese Apennines / LADO architetti - Exterior Photography
image_449.jpg,"House in the Bolognese Apennines / LADO architetti - Interior Photography, Wood, Table, Lighting, Chair, Glass"
image_450.jpg,"Taoli- Zhaoshan Village Center / THAD SUP Atelier - Interior Photography, Stairs, Wood, Beam"
image_451.jpg,"Taoli- Zhaoshan Village Center / THAD SUP Atelier - Interior Photography, Living Room, Wood"
image_452.jpg,"Oztile Showroom / Atelier MODS - Exterior Photography, Concrete"
image_453.jpg,"Oztile Showroom / Atelier MODS - Interior Photography, Stairs"
image_454.jpg,Arch House / Tiago Castro Sousa Lda - Exterior Photography
image_455.jpg,"Arch House / Tiago Castro Sousa Lda - Interior Photography, Stairs, Wood"
image_456.jpg,"House of Olives / ARHINGinženjering - Exterior Photography, Facade, Concrete"
image_457.jpg,"House of Olives / ARHINGinženjering - Interior Photography, Dining room, Chair, Table, Glass"
image_458.jpg,House Steynberg / Two Five Five Architects - Exterior Photography
image_459.jpg,"House Steynberg / Two Five Five Architects - Interior Photography, Stairs, Wood, Handrail"
image_460.jpg,House + Studio  / NAW Studio - Exterior Photography
image_461.jpg,"House + Studio  / NAW Studio - Interior Photography, Wood, Lighting"
image_462.jpg,"In Between Micro Flow Space Residence / Degree Design - Interior Photography, Glass, Concrete"
image_463.jpg,"In Between Micro Flow Space Residence / Degree Design - Interior Photography, Wood, Concrete"
image_464.jpg,Syndal South Primary School / WHDA - Exterior Photography
image_465.jpg,Syndal South Primary School / WHDA - Interior Photography
image_466.jpg,"Belleville Sara Weill-Raynal Nursing Home Reconstruction and Extension / Avenier Cornejo Architectes - Interior Photography, Wood, Lighting, Bedroom"
image_467.jpg,Belleville Sara Weill-Raynal Nursing Home Reconstruction and Extension / Avenier Cornejo Architectes - Interior Photography
image_468.jpg,"Hradby Residence / OOOOX - Interior Photography, Living Room"
image_469.jpg,"Hradby Residence / OOOOX - Interior Photography, Living Room, Sofa, Lighting"
image_470.jpg,"Living on Hohentorsplatz / Hild und K - Exterior Photography, Facade"
image_471.jpg,"Living on Hohentorsplatz / Hild und K - Interior Photography, Kitchen, Wood, Countertop, Sink"
image_472.jpg,"Oak Village - The 9th Avenue / 1+1>2 Architects - Exterior Photography, Garden"
image_473.jpg,"Oak Village - The 9th Avenue / 1+1>2 Architects - Exterior Photography, Garden"
image_474.jpg,"AU Childcare Support / HIBINOSEKKEI + Youji no Shiro - Exterior Photography, Facade"
image_475.jpg,AU Childcare Support / HIBINOSEKKEI + Youji no Shiro - Interior Photography
image_476.jpg,"Lycée Kessel Djibouti / richard + schoeller - Exterior Photography, Concrete"
image_477.jpg,Lycée Kessel Djibouti / richard + schoeller - Exterior Photography
image_478.jpg,"JUMP Building / KAAN Architecten - Exterior Photography, Concrete"
image_479.jpg,"JUMP Building / KAAN Architecten - Exterior Photography, Cityscape"
image_480.jpg,SCREEN 504 Residential Building / Sanjay Puri Architects - Interior Photography
image_481.jpg,SCREEN 504 Residential Building / Sanjay Puri Architects - Exterior Photography
image_482.jpg,"Renka Residence / raumus - Exterior Photography, Facade"
image_483.jpg,"Renka Residence / raumus - Interior Photography, Dining room, Wood, Glass, Chair, Beam"
image_484.jpg,"Hermitage Drive Home / Somner Macdonald Architects - Exterior Photography, Garden"
image_485.jpg,"Hermitage Drive Home / Somner Macdonald Architects - Exterior Photography, Garden"
image_486.jpg,"FW JI·The Rural Memory Museum / IARA - Interior Photography, Concrete"
image_487.jpg,"FW JI·The Rural Memory Museum / IARA - Interior Photography, Wood"
image_488.jpg,"ThiLa Bistro & Café  / 3fconcept - Interior Photography, Wood, Table, Chair, Lighting"
image_489.jpg,"ThiLa Bistro & Café  / 3fconcept - Interior Photography, Chair"
image_490.jpg,"TEC Energy Office / MRDK - Interior Photography, Dining room, Chair"
image_491.jpg,"TEC Energy Office / MRDK - Interior Photography, Kitchen, Countertop, Glass"
image_492.jpg,"House # 396 / Architecture Paradigm - Exterior Photography, Balcony"
image_493.jpg,"House # 396 / Architecture Paradigm - Interior Photography, Living Room, Wood"
image_494.jpg,"Beauty Acupuncture Clinic Ryu no Ana / td-Atelier + ENDO SHOJIRO DESIGN - Exterior Photography, Wood, Concrete, Balcony"
image_495.jpg,"Beauty Acupuncture Clinic Ryu no Ana / td-Atelier + ENDO SHOJIRO DESIGN - Interior Photography, Wood, Lighting, Beam"
image_496.jpg,"Casa da Mata / Marise Calçavara Arquitetura - Exterior Photography, Garden, Balcony"
image_497.jpg,"Casa da Mata / Marise Calçavara Arquitetura - Interior Photography, Dining room, Wood, Chair, Table, Glass"
image_498.jpg,"Cosmic Coffee & Beer / Clayton Korte - Exterior Photography, Chair"
image_499.jpg,Cosmic Coffee & Beer / Clayton Korte - Exterior Photography
image_500.jpg,Airship Hangar Replacement Construction / Smyk Fischer Architekten - Exterior Photography
image_501.jpg,Airship Hangar Replacement Construction / Smyk Fischer Architekten - Exterior Photography
image_502.jpg,Nightingale Village Leftfield / Kennedy Nolan Architects - Exterior Photography
image_503.jpg,"Nightingale Village Leftfield / Kennedy Nolan Architects - Interior Photography, Kitchen, Wood, Countertop, Chair"
image_504.jpg,"MIRAFLOR / Camilo Rebelo - Exterior Photography, Wood, Door, Concrete"
image_505.jpg,"MIRAFLOR / Camilo Rebelo - Interior Photography, Concrete, Beam"
image_506.jpg,Huachiao Vibrant Sports Park / SoBA - Exterior Photography
image_507.jpg,Huachiao Vibrant Sports Park / SoBA - Exterior Photography
image_508.jpg,Sensorium Tropical Shelter / Arti Design Studio - Exterior Photography
image_509.jpg,"Sensorium Tropical Shelter / Arti Design Studio - Interior Photography, Dining room, Wood, Chair"
image_510.jpg,Whidbey Uparati House / Wittman Estes - Exterior Photography
image_511.jpg,"Whidbey Uparati House / Wittman Estes - Interior Photography, Living Room, Wood, Chair"
image_512.jpg,The Lizzie and Jonathan Tisch Center for Innovation and Active Citizenship / Sasaki - Exterior Photography
image_513.jpg,The Lizzie and Jonathan Tisch Center for Innovation and Active Citizenship / Sasaki - Exterior Photography
image_514.jpg,Vassivey Social Housing / Elluin Duolé Gillon architecture - Exterior Photography
image_515.jpg,Vassivey Social Housing / Elluin Duolé Gillon architecture - Exterior Photography
image_516.jpg,"JM Café, White Pagoda Temple in Beijing / B.L.U.E Architecture Studio - Interior Photography, Brick, Concrete"
image_517.jpg,"JM Café, White Pagoda Temple in Beijing / B.L.U.E Architecture Studio - Interior Photography, Kitchen"
image_518.jpg,"Gach Coffee Shop / GIZI ASSOCIATES - Interior Photography, Lighting"
image_519.jpg,"Gach Coffee Shop / GIZI ASSOCIATES - Interior Photography, Wood, Lighting"
image_520.jpg,"The Frame Residence / Paradigm Design House - Exterior Photography, Balcony"
image_521.jpg,The Frame Residence / Paradigm Design House - Exterior Photography
image_522.jpg,"House of Dancing Cactus / art & architecture - Interior Photography, Concrete"
image_523.jpg,"House of Dancing Cactus / art & architecture - Interior Photography, Wood, Chair"
image_524.jpg,"Funky Ramen Restaurant / Kidz Studio - Interior Photography, Lighting, Table, Chair"
image_525.jpg,"Funky Ramen Restaurant / Kidz Studio - Interior Photography, Chair"
image_526.jpg,Housing in Uppsala / Jägnefält Milton - Drawings
image_527.jpg,Housing in Uppsala / Jägnefält Milton - Drawings
image_528.jpg,"Bowie State University, Martin Luther King, Jr. Center / Perkins and Will - Exterior Photography"
image_529.jpg,"Bowie State University, Martin Luther King, Jr. Center / Perkins and Will - Exterior Photography, Facade"
image_530.jpg,"Hotel Rakuragu / kooo architects - Exterior Photography, Facade"
image_531.jpg,"Hotel Rakuragu / kooo architects - Interior Photography, Kitchen, Balcony"
image_532.jpg,"Twist House / HAGISO - Exterior Photography, Balcony"
image_533.jpg,"Twist House / HAGISO - Interior Photography, Kitchen, Wood, Table, Chair, Lighting"
image_534.jpg,"MUNI  Indoor Golf Club / Ivy Studio - Interior Photography, Wood, Chair"
image_535.jpg,"MUNI  Indoor Golf Club / Ivy Studio - Interior Photography, Dining room, Wood, Table, Chair, Glass"
image_536.jpg,"19 Waterloo Street House / SJB - Interior Photography, Closet"
image_537.jpg,19 Waterloo Street House / SJB - Exterior Photography
image_538.jpg,Kalm Residence / Two Five Five Architects - Exterior Photography
image_539.jpg,"Kalm Residence / Two Five Five Architects - Exterior Photography, Garden, Courtyard"
image_540.jpg,"Centro Cultural Forges / FIRM architects - Interior Photography, Concrete"
image_541.jpg,"Centro Cultural Forges / FIRM architects - Interior Photography, Wood, Concrete, Beam"
image_542.jpg,"Mushroom library for Children in Yunnan / Kong Xiangwei Studio - Interior Photography, Concrete, Stairs, Arcade"
image_543.jpg,Mushroom library for Children in Yunnan / Kong Xiangwei Studio - Interior Photography
image_544.jpg,"CR House / LOTE STUDIO + Ignacio Ferreira - Interior Photography, Dining room, Wood, Chair"
image_545.jpg,CR House / LOTE STUDIO + Ignacio Ferreira - Exterior Photography
image_546.jpg,"Cité Griset Apartment / Mesnil Architectures - Interior Photography, Wood, Lighting, Countertop, Kitchen, Table, Chair"
image_547.jpg,"Cité Griset Apartment / Mesnil Architectures - Interior Photography, Living Room, Wood, Table, Sofa, Lighting, Chair"
image_548.jpg,"Ararat House / SJB - Interior Photography, Dining room, Wood, Brick, Door, Chair, Garden, Patio"
image_549.jpg,"Ararat House / SJB - Interior Photography, Living Room, Table, Chair, Brick"
image_550.jpg,"NINE X NINE House / Sanjay Puri Architects - Exterior Photography, Garden, Concrete"
image_551.jpg,"NINE X NINE House / Sanjay Puri Architects - Interior Photography, Stairs"
image_552.jpg,"Boksto Skveras Mixed-Use Center / Studio Seilern Architects - Exterior Photography, Courtyard"
image_553.jpg,"Boksto Skveras Mixed-Use Center / Studio Seilern Architects - Exterior Photography, Aerial View Photography, Garden, Courtyard"
image_554.jpg,"SORA Rooftop Bar & Restaurant / PACT architects - Exterior Photography, Facade, Glass"
image_555.jpg,SORA Rooftop Bar & Restaurant / PACT architects - Exterior Photography
image_556.jpg,House X / Bojaus Arquitectura - Exterior Photography
image_557.jpg,House X / Bojaus Arquitectura - Exterior Photography
image_558.jpg,"Ibaraki City Cultural and Child-rearing Support Complex ONIKURU / Toyo Ito & Associates, Architects + Takenaka Corporation - Exterior Photography"
image_559.jpg,"Ibaraki City Cultural and Child-rearing Support Complex ONIKURU / Toyo Ito & Associates, Architects + Takenaka Corporation - Exterior Photography, Facade, Concrete"
image_560.jpg,Townhouse Extension / LAC Architecture - Exterior Photography
image_561.jpg,Townhouse Extension / LAC Architecture - Interior Photography
image_562.jpg,"Courtyard Renovation for the GuanZhong Mangba Art Festival / Daipu Architects - Exterior Photography, Courtyard"
image_563.jpg,Courtyard Renovation for the GuanZhong Mangba Art Festival / Daipu Architects - Exterior Photography
image_564.jpg,Ninefold Roof / T2P Architects Office - Exterior Photography
image_565.jpg,"Ninefold Roof / T2P Architects Office - Interior Photography, Living Room, Wood, Lighting, Chair, Glass, Beam"
image_566.jpg,"Architecture Studio in Wonso-dong / See Architects - Exterior Photography, Wood, Balcony"
image_567.jpg,"Architecture Studio in Wonso-dong / See Architects - Exterior Photography, Wood"
image_568.jpg,"Ghibli Park Valley of Witches / Studio Ghibli + NIHON SEKKEI - Exterior Photography, Garden, Aerial View Photography"
image_569.jpg,Ghibli Park Valley of Witches / Studio Ghibli + NIHON SEKKEI - Exterior Photography
image_570.jpg,"Lakeside Gallery Residence / Atelier Échelle - Interior Photography, Living Room, Sofa, Table, Lighting, Chair"
image_571.jpg,"Lakeside Gallery Residence / Atelier Échelle - Interior Photography, Living Room, Sofa, Wood, Lighting, Chair"
image_572.jpg,"Librairie Avant-grade in Shangri-La  / Zhaoyang Architects - Exterior Photography, Wood, Beam"
image_573.jpg,"Librairie Avant-grade in Shangri-La  / Zhaoyang Architects - Interior Photography, Wood, Shelving"
image_574.jpg,"Kesterson House / BUNSTON - Exterior Photography, Balcony"
image_575.jpg,"Kesterson House / BUNSTON - Interior Photography, Wood, Lighting, Chair"
image_576.jpg,"Rural House in Soutelos, Ruivães / Figuereido+Pena Arquitectos + Nuno Flores Arquitetura - Exterior Photography, Concrete"
image_577.jpg,"Rural House in Soutelos, Ruivães / Figuereido+Pena Arquitectos + Nuno Flores Arquitetura - Exterior Photography, Brick"
image_578.jpg,"Prakriti Farms Residence / Nivasa - Interior Photography, Chair, Courtyard, Patio"
image_579.jpg,"Prakriti Farms Residence / Nivasa - Interior Photography, Living Room, Sofa, Wood, Table, Chair, Lighting"
image_580.jpg,"Pali Farmhouse  / Metis Practice - Exterior Photography, Wood, Beam"
image_581.jpg,"Pali Farmhouse  / Metis Practice - Interior Photography, Wood, Beam"
image_582.jpg,STOCK T.C Culinary Emporium / Giannone Petricone Associates Inc. Architects - Exterior Photography
image_583.jpg,"STOCK T.C Culinary Emporium / Giannone Petricone Associates Inc. Architects - Interior Photography, Wood, Chair"
image_584.jpg,Blumberg School Campus / Spiecker Sautter Lauer Architekten - Exterior Photography
image_585.jpg,"Blumberg School Campus / Spiecker Sautter Lauer Architekten - Interior Photography, Stairs"
image_586.jpg,"PIR.116 House / Mardi | Maison d' Architecture & Design Intérieur - Exterior Photography, Wood, Stairs, Balcony, Concrete, Handrail"
image_587.jpg,"PIR.116 House / Mardi | Maison d' Architecture & Design Intérieur - Interior Photography, Living Room, Wood, Shelving, Table"
image_588.jpg,"Domes Noruz Mykonos Hotel / Urban Soul Project - Interior Photography, Living Room, Lighting, Sofa, Chair"
image_589.jpg,Domes Noruz Mykonos Hotel / Urban Soul Project - Exterior Photography
image_590.jpg,"A Sail on the Vast Sea • EKA / Benzhe Design - Exterior Photography, Balcony"
image_591.jpg,A Sail on the Vast Sea • EKA / Benzhe Design - Drawings
image_592.jpg,"Dining Hall in Lumine / HAGISO - Interior Photography, Wood"
image_593.jpg,"Dining Hall in Lumine / HAGISO - Interior Photography, Dining room, Wood, Chair"
image_594.jpg,"MARLIM Costa Cabral Residential Building / Atelier d'Arquitectura Lopes da Costa - Interior Photography, Stairs, Wood, Handrail"
image_595.jpg,MARLIM Costa Cabral Residential Building / Atelier d'Arquitectura Lopes da Costa - Drawings
image_596.jpg,Rosemary Brown Recreation Centre / hcma architecture + design - Interior Photography
image_597.jpg,Rosemary Brown Recreation Centre / hcma architecture + design - Exterior Photography
image_598.jpg,South Sanlin Station of Shanghai Airport Link  / TJAD Original Design Studio - Exterior Photography
image_599.jpg,South Sanlin Station of Shanghai Airport Link  / TJAD Original Design Studio - Exterior Photography
image_600.jpg,The Royal Hotel / Giannone Petricone Associates Inc. Architects - Exterior Photography
image_601.jpg,"The Royal Hotel / Giannone Petricone Associates Inc. Architects - Interior Photography, Living Room, Wood, Lighting, Chair"
image_602.jpg,"Carapace House - A Living Shell / Achyutam Designs - Exterior Photography, Arch"
image_603.jpg,"Carapace House - A Living Shell / Achyutam Designs - Exterior Photography, Garden"
image_604.jpg,"Birch Residence / Table Architecture - Exterior Photography, Brick"
image_605.jpg,"Birch Residence / Table Architecture - Interior Photography, Kitchen"
image_606.jpg,"Makries Mires Residence / Anastasiou Misseri - Exterior Photography, Concrete"
image_607.jpg,Makries Mires Residence / Anastasiou Misseri - Interior Photography
image_608.jpg,184 Social Housing Tower / MCBAD architecture&urban design - Exterior Photography
image_609.jpg,"184 Social Housing Tower / MCBAD architecture&urban design - Exterior Photography, Concrete"
image_610.jpg,"% Arabica Egypt Cairo Roastery / no.10 NOMURA Co., Ltd. - Interior Photography"
image_611.jpg,"% Arabica Egypt Cairo Roastery / no.10 NOMURA Co., Ltd. - Exterior Photography"
image_612.jpg,"Baan Rom Taan House / IF (Integrated Field) - Exterior Photography, Column"
image_613.jpg,"Baan Rom Taan House / IF (Integrated Field) - Interior Photography, Bathroom, Sink"
image_614.jpg,"Greenpoint Townhouse / Lea Architecture - Exterior Photography, Brick"
image_615.jpg,"Greenpoint Townhouse / Lea Architecture - Interior Photography, Living Room, Wood, Sofa, Table, Chair"
image_616.jpg,"JA House / STUDIOKAS - Interior Photography, Living Room, Sofa, Chair"
image_617.jpg,"JA House / STUDIOKAS - Interior Photography, Kitchen, Countertop"
image_618.jpg,"Hengqin Culture & Art Complex / Atelier Apeiron - Exterior Photography, Cityscape, Aerial View Photography"
image_619.jpg,"Hengqin Culture & Art Complex / Atelier Apeiron - Aerial View Photography, Cityscape"
image_620.jpg,School of Public Health / Allies and Morrison - Drawings
image_621.jpg,School of Public Health / Allies and Morrison - Drawings
image_622.jpg,Daguan Integrated Service Center for Rural Tourism / CADG - Exterior Photography
image_623.jpg,Daguan Integrated Service Center for Rural Tourism / CADG - Exterior Photography
image_624.jpg,"Hair Salon 1975 / FATHOM - Interior Photography, Chair, Lighting, Glass"
image_625.jpg,"Hair Salon 1975 / FATHOM - Interior Photography, Kitchen, Glass, Chair"
image_626.jpg,"Kaimakli Residence / Anastasiou Misseri - Exterior Photography, Facade, Door, Concrete"
image_627.jpg,"Kaimakli Residence / Anastasiou Misseri - Interior Photography, Lighting, Chair, Beam"
image_628.jpg,Lot 8 Design and Research Laboratory / BC architects & studies + Assemble  - Interior Photography
image_629.jpg,Lot 8 Design and Research Laboratory / BC architects & studies + Assemble  - Drawings
image_630.jpg,House in Olhão / Estudio ODS - Exterior Photography
image_631.jpg,House in Olhão / Estudio ODS - Drawings
image_632.jpg,"Baan Tectonix House / I Like Design Studio - Interior Photography, Dining room"
image_633.jpg,"Baan Tectonix House / I Like Design Studio - Interior Photography, Concrete, Courtyard"
image_634.jpg,"Restaurant in Bakurocho / UENOA - Interior Photography, Dining room, Chair"
image_635.jpg,Restaurant in Bakurocho / UENOA - Interior Photography
image_636.jpg,"Covelo House / spaceworkers - Interior Photography, Wood, Lighting, Stairs, Chair"
image_637.jpg,Covelo House / spaceworkers - Interior Photography
image_638.jpg,"SP House / Karina Duque - Exterior Photography, Wood, Deck, Handrail, Steel"
image_639.jpg,"SP House / Karina Duque - Interior Photography, Wood, Deck"
image_640.jpg,Rustenburg Farm / Nadine Engelbrecht Architect - Exterior Photography
image_641.jpg,"Rustenburg Farm / Nadine Engelbrecht Architect - Interior Photography, Kitchen, Wood, Chair, Beam"
image_642.jpg,"Cuu Office / Koyori - Interior Photography, Dining room"
image_643.jpg,"Cuu Office / Koyori - Interior Photography, Dining room, Wood"
image_644.jpg,"Otaku Cafe / shell+core  - Interior Photography, Lighting, Chair"
image_645.jpg,"Otaku Cafe / shell+core  - Interior Photography, Lighting, Chair"
image_646.jpg,Blok House / Quinzhee Architecture - Exterior Photography
image_647.jpg,"Blok House / Quinzhee Architecture - Interior Photography, Bedroom, Wood, Bed"
image_648.jpg,"Park Slope Neo-Tudor House / The Brooklyn Studio - Interior Photography, Kitchen, Countertop, Wood, Chair, Table, Lighting"
image_649.jpg,Park Slope Neo-Tudor House / The Brooklyn Studio - Exterior Photography
image_650.jpg,"Ex-Tribunale Conversion in Sheltered Accommodation / Calvi Ceschia Viganò architetti associati - Exterior Photography, Balcony, Courtyard"
image_651.jpg,"Ex-Tribunale Conversion in Sheltered Accommodation / Calvi Ceschia Viganò architetti associati - Exterior Photography, Balcony"
image_652.jpg,Nouveau Centre Administratif d’Etat de Lyon / Snøhetta - Exterior Photography
image_653.jpg,"Nouveau Centre Administratif d’Etat de Lyon / Snøhetta - Exterior Photography, Cityscape"
image_654.jpg,2024 Chengdu EXPO Botanic Pavilion / CUPD - Exterior Photography
image_655.jpg,2024 Chengdu EXPO Botanic Pavilion / CUPD - Exterior Photography
image_656.jpg,"Hushan Reservoir Environmental Education Center / KDS architects - Interior Photography, Glass"
image_657.jpg,"Hushan Reservoir Environmental Education Center / KDS architects - Interior Photography, Stairs, Glass, Handrail"
image_658.jpg,House in Agostos / Estudio ODS - Drawings
image_659.jpg,House in Agostos / Estudio ODS - Drawings
image_660.jpg,"Ergon Bakehouse / Urban Soul Project - Interior Photography, Living Room, Wood, Sofa, Table, Lighting, Chair"
image_661.jpg,"Ergon Bakehouse / Urban Soul Project - Interior Photography, Wood, Lighting, Chair"
image_662.jpg,James Cook University Engineering & Innovation Place / KIRK Studio + i4 Architecture + Charles Wright Architects - Exterior Photography
image_663.jpg,James Cook University Engineering & Innovation Place / KIRK Studio + i4 Architecture + Charles Wright Architects - Exterior Photography
image_664.jpg,"AD Classics: Maison Hermès / Renzo Piano Building Workshop  - Interior Photography, Glass"
image_665.jpg,"AD Classics: Maison Hermès / Renzo Piano Building Workshop  - Exterior Photography, Lighting, Glass"
image_666.jpg,"Fishermen Light Cinema - Renovation of Dongmen Pier / TheY Architects - Interior Photography, Stairs"
image_667.jpg,Fishermen Light Cinema - Renovation of Dongmen Pier / TheY Architects - Exterior Photography
image_668.jpg,School of the Art Institute of Chicago Flaxman Library Renovation / Kwong Von Glinow - Interior Photography
image_669.jpg,"School of the Art Institute of Chicago Flaxman Library Renovation / Kwong Von Glinow - Interior Photography, Stairs, Glass, Handrail"
image_670.jpg,"Courtyard Mixed-Use Building / After Party - Exterior Photography, Concrete"
image_671.jpg,"Courtyard Mixed-Use Building / After Party - Exterior Photography, Glass"
image_672.jpg,"Yongsan Francoreen HQ / JYA-RCHITECTS - Interior Photography, Column"
image_673.jpg,"Yongsan Francoreen HQ / JYA-RCHITECTS - Interior Photography, Table, Chair"
image_674.jpg,"Franchissement Urbain Pleyel / Marc Mimram - Exterior Photography, Stairs"
image_675.jpg,Franchissement Urbain Pleyel / Marc Mimram - Exterior Photography
image_676.jpg,"Guitou Town Wetland Park / YXDesigners - Exterior Photography, Waterfront"
image_677.jpg,"Guitou Town Wetland Park / YXDesigners - Interior Photography, Waterfront"
image_678.jpg,"Millennium World School Hassan  / Roadhouse Architects - Interior Photography, Concrete"
image_679.jpg,Millennium World School Hassan  / Roadhouse Architects - Exterior Photography
image_680.jpg,Louise Michel School Complex / Marjan Hessamfar & Joe Vérons architectes associés - Exterior Photography
image_681.jpg,"Louise Michel School Complex / Marjan Hessamfar & Joe Vérons architectes associés - Interior Photography, Dining room"
image_682.jpg,"Five Villas / Noue Studio - Interior Photography, Wood, Lighting"
image_683.jpg,Five Villas / Noue Studio - Exterior Photography
image_684.jpg,"Lion Mountain Park / TLS Landscape Architecture - Exterior Photography, Waterfront, Cityscape"
image_685.jpg,Lion Mountain Park / TLS Landscape Architecture - Exterior Photography
image_686.jpg,"Lecture Hall Complex, IIT Hyderabad / CCBA Designs - Exterior Photography, Concrete"
image_687.jpg,"Lecture Hall Complex, IIT Hyderabad / CCBA Designs - Interior Photography, Concrete"
image_688.jpg,"Nin Hao Restaurant / Plan Plan - Interior Photography, Dining room, Lighting, Table, Chair, Glass"
image_689.jpg,"Nin Hao Restaurant / Plan Plan - Interior Photography, Dining room, Table, Chair"
image_690.jpg,"Private House Val Trebbia / Studio Pietro Todeschini + Studio Paolo Pagani - Exterior Photography, Balcony"
image_691.jpg,"Private House Val Trebbia / Studio Pietro Todeschini + Studio Paolo Pagani - Exterior Photography, Facade, Concrete"
image_692.jpg,"Condominium Apartments / Lacroix Chessex - Exterior Photography, Balcony"
image_693.jpg,Condominium Apartments / Lacroix Chessex - Exterior Photography
image_694.jpg,Coastal Long Pavilion on Chaishan Island / GN Architects - Exterior Photography
image_695.jpg,Coastal Long Pavilion on Chaishan Island / GN Architects - Exterior Photography
image_696.jpg,Parinee I Lobby / Studio Symbiosis - Interior Photography
image_697.jpg,Parinee I Lobby / Studio Symbiosis - Interior Photography
image_698.jpg,"Another Smith Restaurant / TasteSpace - Interior Photography, Wood, Lighting, Chair, Beam"
image_699.jpg,"Another Smith Restaurant / TasteSpace - Interior Photography, Wood"
image_700.jpg,Overnight Shelter Lotte-Branz-Strasse / Hild und K - Exterior Photography
image_701.jpg,Overnight Shelter Lotte-Branz-Strasse / Hild und K - Exterior Photography
image_702.jpg,Villa Rosa / E-H Atelier d'Architectures + L-H Atelier + Sarah Poniatowski - Exterior Photography
image_703.jpg,"Villa Rosa / E-H Atelier d'Architectures + L-H Atelier + Sarah Poniatowski - Exterior Photography, Garden"
image_704.jpg,Beijing Xitan Hotel Landscape Design / Nikken Sekkei - Interior Photography
image_705.jpg,"Beijing Xitan Hotel Landscape Design / Nikken Sekkei - Exterior Photography, Garden"
image_706.jpg,Jianshe Avenue Pedestrian Bridge / Atelier cnS - Interior Photography
image_707.jpg,"Jianshe Avenue Pedestrian Bridge / Atelier cnS - Interior Photography, Glass"
image_708.jpg,"Among Hair Salon / Orosy studio - Interior Photography, Kitchen, Wood, Lighting, Glass, Chair"
image_709.jpg,"Among Hair Salon / Orosy studio - Interior Photography, Beam"
image_710.jpg,"LUME HAUS / STUDIO PRAKRUTHI - Interior Photography, Living Room, Wood"
image_711.jpg,"LUME HAUS / STUDIO PRAKRUTHI - Interior Photography, Wood, Glass"
image_712.jpg,Richter Center / ZDA - Zoboki Design and Architecture - Exterior Photography
image_713.jpg,Richter Center / ZDA - Zoboki Design and Architecture - Exterior Photography
image_714.jpg,Wooden Parking Garage Wendlingen / herrmann+bosch architekten - Exterior Photography
image_715.jpg,Wooden Parking Garage Wendlingen / herrmann+bosch architekten - Exterior Photography
image_716.jpg,Sports Hall Wangen / Steimle Architekten - Exterior Photography
image_717.jpg,Sports Hall Wangen / Steimle Architekten - Interior Photography
image_718.jpg,"PAC Place-making  / Nota Architects - Interior Photography, Wood"
image_719.jpg,"PAC Place-making  / Nota Architects - Exterior Photography, Garden"
image_720.jpg,Landau's Restaurant / Zanghellini & Holt Associates - Interior Photography
image_721.jpg,Landau's Restaurant / Zanghellini & Holt Associates - Exterior Photography
image_722.jpg,"qiyu Hair Salon / FATHOM - Interior Photography, Kitchen, Lighting, Glass"
image_723.jpg,"qiyu Hair Salon / FATHOM - Interior Photography, Glass"
image_724.jpg,Vila do Chapéu Square / Henry Teixeira Arquitetura e Urbanismo - Exterior Photography
image_725.jpg,Vila do Chapéu Square / Henry Teixeira Arquitetura e Urbanismo - Exterior Photography
image_726.jpg,"15 Hudson Yards Building / Diller Scofidio + Renfro - Exterior Photography, Cityscape"
image_727.jpg,"15 Hudson Yards Building / Diller Scofidio + Renfro - Exterior Photography, Cityscape, Facade"
image_728.jpg,"Pinewood International School-Anatolia College / A.N. Tombazis & Associates Architects + Micromega Architecture & Strategies - Interior Photography, Stairs, Wood, Glass"
image_729.jpg,"Pinewood International School-Anatolia College / A.N. Tombazis & Associates Architects + Micromega Architecture & Strategies - Exterior Photography, Garden, Courtyard"
image_730.jpg,"Shanxia Cultural Station / MUFU Architectural Performance Studio - Exterior Photography, Brick"
image_731.jpg,"Shanxia Cultural Station / MUFU Architectural Performance Studio - Exterior Photography, Brick"
image_732.jpg,Stone House / Esquadra Arquitetos - Exterior Photography
image_733.jpg,"Stone House / Esquadra Arquitetos - Interior Photography, Wood, Chair"
image_734.jpg,"Someș River Regeneration / PRÁCTICA - Exterior Photography, Aerial View Photography, Cityscape"
image_735.jpg,Someș River Regeneration / PRÁCTICA - Exterior Photography
image_736.jpg,Huang Pu Cultural Centre / IFRA - Drawings
image_737.jpg,Huang Pu Cultural Centre / IFRA - Drawings
image_738.jpg,"QUAN NHÂN House / TOOB Studio - Interior Photography, Wood, Lighting"
image_739.jpg,"QUAN NHÂN House / TOOB Studio - Interior Photography, Stairs, Wood, Handrail"
image_740.jpg,"Mareterra Monaco Complex / Valode & Pistre - Exterior Photography, Coast"
image_741.jpg,Mareterra Monaco Complex / Valode & Pistre - Exterior Photography
image_742.jpg,"Club of Courts / STUDIO MOTLEY - Exterior Photography, Door, Courtyard, Balcony"
image_743.jpg,"Club of Courts / STUDIO MOTLEY - Interior Photography, Dining room, Table, Chair, Glass, Patio"
image_744.jpg,"Lumintu House / Realrich Architecture Workshop - Exterior Photography, Balcony"
image_745.jpg,"Lumintu House / Realrich Architecture Workshop - Interior Photography, Wood, Chair"
image_746.jpg,Mountain Lodge 14-Leguas / 3164.estudio + SDF Arquitectos  - Exterior Photography
image_747.jpg,Mountain Lodge 14-Leguas / 3164.estudio + SDF Arquitectos  - Exterior Photography
image_748.jpg,"Konga Village / Masahiro Katsume + Mette Fredskild - Exterior Photography, Waterfront"
image_749.jpg,"Konga Village / Masahiro Katsume + Mette Fredskild - Exterior Photography, Garden"
image_750.jpg,"Dar El Farina / Leopold Banchini Architects - Exterior Photography, Concrete"
image_751.jpg,"Dar El Farina / Leopold Banchini Architects - Interior Photography, Concrete"
image_752.jpg,Tetherow Overlook House / Hacker Architects - Exterior Photography
image_753.jpg,"Tetherow Overlook House / Hacker Architects - Interior Photography, Wood, Glass, Chair"
image_754.jpg,"Pavilion Aurore / Sisto studios - Interior Photography, Glass"
image_755.jpg,"Pavilion Aurore / Sisto studios - Exterior Photography, Glass"
image_756.jpg,Da Nang Hi-Tech Park Headquarters Building / HUNI Architectes - Exterior Photography
image_757.jpg,Da Nang Hi-Tech Park Headquarters Building / HUNI Architectes - Exterior Photography
image_758.jpg,Sounder Inn / NEOSSPACE - Exterior Photography
image_759.jpg,Sounder Inn / NEOSSPACE - Exterior Photography
image_760.jpg,Japi House / UNA Barbara e Valentim - Exterior Photography
image_761.jpg,Japi House / UNA Barbara e Valentim - Exterior Photography
image_762.jpg,"Jackson Hole History Museum / HGA - Exterior Photography, Garden"
image_763.jpg,"Jackson Hole History Museum / HGA - Interior Photography, Kitchen, Wood"
image_764.jpg,Guanyun Qiantang City / Aedas - Exterior Photography
image_765.jpg,"Guanyun Qiantang City / Aedas - Exterior Photography, Glass"
image_766.jpg,"The Shizuoka Shimbun, Shizuoka Broadcasting System Tokyo Branch Office Renovation / TAISEI DESIGN Planners Architects & Engineers - Exterior Photography, Glass"
image_767.jpg,"The Shizuoka Shimbun, Shizuoka Broadcasting System Tokyo Branch Office Renovation / TAISEI DESIGN Planners Architects & Engineers - Exterior Photography"
image_768.jpg,The Yellow Box / Aslam Sham Architects - Exterior Photography
image_769.jpg,The Yellow Box / Aslam Sham Architects - Exterior Photography
image_770.jpg,Cañuelas House / 3164.estudio + SDF Arquitectos  - Exterior Photography
image_771.jpg,"Cañuelas House / 3164.estudio + SDF Arquitectos  - Interior Photography, Dining room, Wood, Sofa, Table, Chair, Lighting"
image_772.jpg,Alpenglow Community Park / Fieldwork Design and Architecture - Drawings
image_773.jpg,Alpenglow Community Park / Fieldwork Design and Architecture - Drawings
image_774.jpg,Captial International Exhibition and Convention Center / Zaha Hadid Architects + BIAD - Exterior Photography
image_775.jpg,Captial International Exhibition and Convention Center / Zaha Hadid Architects + BIAD - Interior Photography
image_776.jpg,PGA TOUR Studios / Foster + Partners - Drawings
image_777.jpg,PGA TOUR Studios / Foster + Partners - Drawings
image_778.jpg,"The Blue Insight Cave Space / 3andwich Design/Hewei Studio - Exterior Photography, Coast"
image_779.jpg,The Blue Insight Cave Space / 3andwich Design/Hewei Studio - Interior Photography
image_780.jpg,The Eagle Mountain Top Restaurant / Viereck Architects - Interior Photography
image_781.jpg,"The Eagle Mountain Top Restaurant / Viereck Architects - Interior Photography, Kitchen, Lighting, Chair, Glass"
image_782.jpg,Sainte-Croix Gymnasium  / MUE Atelier + BSAAR + Erbat SA - Exterior Photography
image_783.jpg,Sainte-Croix Gymnasium  / MUE Atelier + BSAAR + Erbat SA - Exterior Photography
image_784.jpg,"ADSB Andersson Bell Hyundai Pangyo Store / Studio Tama - Interior Photography, Glass"
image_785.jpg,ADSB Andersson Bell Hyundai Pangyo Store / Studio Tama - Interior Photography
image_786.jpg,"HORONG Bakery / Design Studio Maoom - Interior Photography, Chair"
image_787.jpg,"HORONG Bakery / Design Studio Maoom - Interior Photography, Kitchen"
image_788.jpg,"Ático Curvo / Destudio - Interior Photography, Living Room, Wood, Sofa, Lighting, Table, Chair"
image_789.jpg,"Ático Curvo / Destudio - Interior Photography, Dining room, Wood, Chair"
image_790.jpg,Multi-Purpose Hall Ingerkingen / Atelier Kaiser Shen - Exterior Photography
image_791.jpg,"Multi-Purpose Hall Ingerkingen / Atelier Kaiser Shen - Exterior Photography, Facade, Concrete, Courtyard"
image_792.jpg,Visitor Center Đalovića Pećina / ARHINGinženjering - Exterior Photography
image_793.jpg,Visitor Center Đalovića Pećina / ARHINGinženjering - Exterior Photography
image_794.jpg,"Jinshang OCC Restaurant at the Nanjing Drum Tower / BUZZ/ Büro Ziyu Zhuang - Exterior Photography, Balcony"
image_795.jpg,"Jinshang OCC Restaurant at the Nanjing Drum Tower / BUZZ/ Büro Ziyu Zhuang - Interior Photography, Dining room, Table, Chair"
image_796.jpg,
image_797.jpg,Alpha XXL Mediterranean Mixed Block / Rémy MARCIANO architecte - Exterior Photography
image_798.jpg,"Alpha XXL Mediterranean Mixed Block / Rémy MARCIANO architecte - Exterior Photography, Balcony"
image_799.jpg,"Brixen Public Library / Carlana Mezzalira Pentimalli - Exterior Photography, Concrete, Courtyard"
image_800.jpg,Brixen Public Library / Carlana Mezzalira Pentimalli - Exterior Photography
image_801.jpg,Jinji Lake Pavilion / BIG - Drawings
image_802.jpg,Jinji Lake Pavilion / BIG - Drawings
image_803.jpg,"Restelo MGR House  / João Tiago Aguiar, Arquitectos - Exterior Photography, Balcony"
image_804.jpg,"Restelo MGR House  / João Tiago Aguiar, Arquitectos - Interior Photography, Living Room, Lighting"
image_805.jpg,"House W / Florian Busch Architects - Interior Photography, Wood, Beam"
image_806.jpg,House W / Florian Busch Architects - Interior Photography
image_807.jpg,Boleslavova 3 Building / Plus One Architects - Exterior Photography
image_808.jpg,"Boleslavova 3 Building / Plus One Architects - Interior Photography, Courtyard"
image_809.jpg,Longquan Mountain Observatory / BUZZ/ Büro Ziyu Zhuang - Exterior Photography
image_810.jpg,"Longquan Mountain Observatory / BUZZ/ Büro Ziyu Zhuang - Exterior Photography, Facade"
image_811.jpg,"Yangbei Village CCP Elderly Day-Care Center / Studio 10 - Exterior Photography, Courtyard"
image_812.jpg,"Yangbei Village CCP Elderly Day-Care Center / Studio 10 - Exterior Photography, Door, Concrete"
image_813.jpg,"OUTPOST CAFE / space design A.LIVE - Interior Photography, Concrete"
image_814.jpg,"OUTPOST CAFE / space design A.LIVE - Interior Photography, Chair, Glass"
image_815.jpg,"Smart Manufacturing Campus / XDGA - Interior Photography, Glass, Column"
image_816.jpg,Smart Manufacturing Campus / XDGA Architecten - Interior Photography
image_817.jpg,"Marie Thumas Workplace / tweestroom architecten - Interior Photography, Wood"
image_818.jpg,"Marie Thumas Workplace / tweestroom architecten - Interior Photography, Wood, Chair"
image_819.jpg,"Mega Mat Installation Bangkok Design Week / MVRDV - Exterior Photography, Cityscape"
image_820.jpg,Mega Mat Installation Bangkok Design Week / MVRDV - Exterior Photography
image_821.jpg,“eArthshala” Campus / Thumbimpressions - Exterior Photography
image_822.jpg,“eArthshala” Campus / Thumbimpressions - Exterior Photography
image_823.jpg,"Julpo Regeneration Series - Hub & Public Restroom / Narrative Architects - Exterior Photography, Concrete"
image_824.jpg,"Julpo Regeneration Series - Hub & Public Restroom / Narrative Architects - Exterior Photography, Concrete"
image_825.jpg,"Cubbit Street Tower / Pandolfini Architects - Interior Photography, Glass"
image_826.jpg,Cubbit Street Tower / Pandolfini Architects - Interior Photography
image_827.jpg,Na Pan School / 1+1>2 Architects - Interior Photography
image_828.jpg,"Na Pan School / 1+1>2 Architects - Exterior Photography, Door"
image_829.jpg,"Greenpeace Belgium HQ / archipelago - Interior Photography, Wood"
image_830.jpg,"Greenpeace Belgium HQ / archipelago - Interior Photography, Wood"
image_831.jpg,"Villa in Veyrier / Lacroix Chessex - Exterior Photography, Wood"
image_832.jpg,Villa in Veyrier / Lacroix Chessex - Exterior Photography
image_833.jpg,Hadrovića Mosque / ARHINGinženjering - Exterior Photography
image_834.jpg,Hadrovića Mosque / ARHINGinženjering - Exterior Photography
image_835.jpg,"Sunroom House in Tsukaguchi / FujiwaraMuro Architects - Interior Photography, Glass, Stairs"
image_836.jpg,"Sunroom House in Tsukaguchi / FujiwaraMuro Architects - Interior Photography, Glass"
image_837.jpg,Church of Joy / Department of Architecture co. - Exterior Photography
image_838.jpg,Church of Joy / Department of Architecture co. - Exterior Photography
image_839.jpg,UChicago Medicine Crown Point / Perkins&Will - Interior Photography
image_840.jpg,"UChicago Medicine Crown Point / Perkins&Will - Interior Photography, Kitchen"
image_841.jpg,Malbun Houses / Sandro Durrer - Exterior Photography
image_842.jpg,Malbun Houses / Sandro Durrer - Exterior Photography
image_843.jpg,"Langblokken Social Housing  / A2D architects + Architectenbureau Vanhecke & Suls - Exterior Photography, Facade, Balcony"
image_844.jpg,Langblokken Social Housing  / A2D architects + Architectenbureau Vanhecke & Suls - Exterior Photography
image_845.jpg,Mega Floor (Seoul AI Hub) / stpmj - Exterior Photography
image_846.jpg,Mega Floor (Seoul AI Hub) / stpmj - Interior Photography
image_847.jpg,PPA House / NØ ARQ - Interior Photography
image_848.jpg,"PPA House / NØ ARQ - Interior Photography, Kitchen, Wood, Countertop"
image_849.jpg,"Underwing Pottery Studio / Ashton Porter Architects - Exterior Photography, Garden"
image_850.jpg,"Underwing Pottery Studio / Ashton Porter Architects - Interior Photography, Wood, Lighting, Beam"
image_851.jpg,Field House / Wilkinson King Architects - Exterior Photography
image_852.jpg,"Field House / Wilkinson King Architects - Exterior Photography, Garden"
image_853.jpg,MSLAN corner / Devolution - Exterior Photography
image_854.jpg,"MSLAN corner / Devolution - Interior Photography, Closet"
image_855.jpg,"Factory Coffee HQ / TasteSpace Co., Ltd. - Exterior Photography"
image_856.jpg,"Factory Coffee HQ / TasteSpace Co., Ltd. - Interior Photography, Glass"
image_857.jpg,"Apartement Rhin / minuit architectes - Interior Photography, Kitchen, Wood, Chair, Lighting, Table"
image_858.jpg,"Apartement Rhin / minuit architectes - Interior Photography, Sofa, Shelving, Chair"
image_859.jpg,"Whispering Curve Office / Ace Associates - Interior Photography, Chair, Glass"
image_860.jpg,Whispering Curve Office / Ace Associates - Exterior Photography
image_861.jpg,"GS House / Attmo arquitetos - Interior Photography, Wood, Beam, Chair"
image_862.jpg,"GS House / Attmo arquitetos - Exterior Photography, Wood, Balcony"
image_863.jpg,"Bunkhouse / Material Design Build LLC - Exterior Photography, Wood"
image_864.jpg,"Bunkhouse / Material Design Build LLC - Exterior Photography, Windows, Wood"
image_865.jpg,"Beaufort Residential Tower / Orange Architects - Exterior Photography, Wood"
image_866.jpg,"Beaufort Residential Tower / Orange Architects - Exterior Photography, Wood"
image_867.jpg,Concert Hall in Karlovy Vary / Petr Hájek Architekti - Interior Photography
image_868.jpg,Concert Hall in Karlovy Vary / Petr Hájek Architekti - Interior Photography
image_869.jpg,"Xưởng Xép Office / Xưởng Xép - Interior Photography, Dining room, Chair, Shelving"
image_870.jpg,"Xưởng Xép Office / Xưởng Xép - Interior Photography, Bathroom, Lighting"
image_871.jpg,"Guapuruvus House / Cornetta Arquitetura - Exterior Photography, Garden"
image_872.jpg,"Guapuruvus House / Cornetta Arquitetura - Interior Photography, Living Room, Wood"
image_873.jpg,"Roche Fatale Social Housing Renovation / P&P Architectes + Atelier d'Architecture A4 - Exterior Photography, Facade"
image_874.jpg,"Roche Fatale Social Housing Renovation / P&P Architectes + Atelier d'Architecture A4 - Exterior Photography, Facade, Brick"
image_875.jpg,"Barn at Windover / Material Design Build - Exterior Photography, Wood"
image_876.jpg,"Barn at Windover / Material Design Build - Exterior Photography, Wood"
image_877.jpg,"Egied Van Broeckhoven School / B2Ai - Exterior Photography, Concrete"
image_878.jpg,Egied Van Broeckhoven School / B2Ai - Exterior Photography
image_879.jpg,Malvern Pool House / Klas Hyllén Architecture - Exterior Photography
image_880.jpg,"Malvern Pool House / Klas Hyllén Architecture - Exterior Photography, Door, Garden"
image_881.jpg,Rubicon Sustainable Living / Alison Brooks Architects - Exterior Photography
image_882.jpg,"Rubicon Sustainable Living / Alison Brooks Architects - Exterior Photography, Aerial View Photography"
image_883.jpg,Drop-Stop Pavilion / aptdotapt - Interior Photography
image_884.jpg,"Drop-Stop Pavilion / aptdotapt - Interior Photography, Wood, Concrete"
image_885.jpg,Beaverkill Barn / Material Design Build - Exterior Photography
image_886.jpg,"Beaverkill Barn / Material Design Build - Exterior Photography, Garden"
image_887.jpg,"Nietzsche Apartment / Tribeira - Interior Photography, Table, Chair, Lighting"
image_888.jpg,"Nietzsche Apartment / Tribeira - Interior Photography, Lighting, Table, Shelving, Chair"
image_889.jpg,Pavilion Within / Onlyonly Studio - Interior Photography
image_890.jpg,Pavilion Within / Onlyonly Studio - Drawings
image_891.jpg,"Am Tacheles Apartment  / TAKK Studio + Iwetta Ullenboom - Interior Photography, Wood, Lighting, Chair"
image_892.jpg,"Am Tacheles Apartment  / TAKK Studio + Iwetta Ullenboom - Exterior Photography, Balcony"
image_893.jpg,Ring of Starlight / HDEC AIR-CoLAB Studio - Exterior Photography
image_894.jpg,Ring of Starlight / HDEC AIR-CoLAB Studio - Exterior Photography
image_895.jpg,"Bomun House / Atelier ITCH - Exterior Photography, Glass"
image_896.jpg,Bomun House / Atelier ITCH - Exterior Photography
image_897.jpg,"ISO/ / Ply Architecture - Exterior Photography, Garden, Courtyard"
image_898.jpg,"ISO/ / Ply Architecture - Interior Photography, Kitchen, Wood, Beam"
image_899.jpg,"OZBE Cafe / KKOL Studio - Interior Photography, Dining room, Wood, Lighting"
image_900.jpg,"OZBE Cafe / KKOL Studio - Interior Photography, Kitchen"
image_901.jpg,Cowes Primary School / Project 12 Architecture - Interior Photography
image_902.jpg,Cowes Primary School / Project 12 Architecture - Exterior Photography
image_903.jpg,"Walking Canopy (3ra Café Bistro) / Paad Architects - Exterior Photography, Chair"
image_904.jpg,"Walking Canopy (3ra Café Bistro) / Paad Architects - Interior Photography, Kitchen"
image_905.jpg,Six55 Detroit Mixed-Use Residential Building / ISA - Interface Studio Architects - Exterior Photography
image_906.jpg,Six55 Detroit Mixed-Use Residential Building / ISA - Interface Studio Architects - Exterior Photography
image_907.jpg,Faculty of Pharmacy University of Debrecen and Manufacturing Center  / Pyxis Nautica - Exterior Photography
image_908.jpg,Faculty of Pharmacy University of Debrecen and Manufacturing Center  / Pyxis Nautica - Exterior Photography
image_909.jpg,"House Azure / Neo Architects - Exterior Photography, Door, Concrete, Balcony"
image_910.jpg,"House Azure / Neo Architects - Interior Photography, Chair"
image_911.jpg,"Grow Up House / Time Architects - Exterior Photography, Facade, Balcony"
image_912.jpg,"Grow Up House / Time Architects - Interior Photography, Wood, Stairs, Handrail"
image_913.jpg,Kawni Early Care Center / Paradigm Design House - Exterior Photography
image_914.jpg,"Kawni Early Care Center / Paradigm Design House - Interior Photography, Wood"
image_915.jpg,BOMA Cultural Center / Marjan Hessamfar & Joe Vérons architectes associés - Exterior Photography
image_916.jpg,"BOMA Cultural Center / Marjan Hessamfar & Joe Vérons architectes associés - Interior Photography, Living Room, Wood, Chair"
image_917.jpg,Flakstad School / LINK arkitektur - Exterior Photography
image_918.jpg,"Flakstad School / LINK arkitektur - Interior Photography, Stairs"
image_919.jpg,"Morandi Apartment  / APOLLO Architects & Associates - Interior Photography, Wood, Glass, Countertop"
image_920.jpg,"Morandi Apartment  / APOLLO Architects & Associates - Interior Photography, Living Room, Sofa, Lighting, Chair"
image_921.jpg,Lodge Evanston / ISA - Interface Studio Architects - Exterior Photography
image_922.jpg,Lodge Evanston / ISA - Interface Studio Architects - Exterior Photography
image_923.jpg,"Sagarana House / Estudio Pedro Haruf + Cristiane Salles Arquitetura & Design - Interior Photography, Facade"
image_924.jpg,Sagarana House / Estudio Pedro Haruf + Cristiane Salles Arquitetura & Design - Interior Photography
image_925.jpg,Nation Office Building Intervention / TANK Architectes - Interior Photography
image_926.jpg,"Nation Office Building Intervention / TANK Architectes - Exterior Photography, Facade, Balcony, Concrete"
image_927.jpg,Flood Affected School at Kelthan Village / unTAG - Exterior Photography
image_928.jpg,Flood Affected School at Kelthan Village / unTAG - Exterior Photography
image_929.jpg,Natimby Lodge / Paul Elliott Architects - Exterior Photography
image_930.jpg,"Natimby Lodge / Paul Elliott Architects - Interior Photography, Living Room, Wood, Door, Beam"
image_931.jpg,M.I.N.E. Digital Practices and Multi-Use Space / Guillaume Ramillien Architecture - Exterior Photography
image_932.jpg,"M.I.N.E. Digital Practices and Multi-Use Space / Guillaume Ramillien Architecture - Exterior Photography, Concrete"
image_933.jpg,"Quinta de Velude / Correia/Ragazzi Arquitectos - Exterior Photography, Garden"
image_934.jpg,"Quinta de Velude / Correia/Ragazzi Arquitectos - Interior Photography, Living Room, Wood, Door, Chair, Beam"
image_935.jpg,VVVhisper House / Atelier Bertiga - Exterior Photography
image_936.jpg,"VVVhisper House / Atelier Bertiga - Exterior Photography, Courtyard"
image_937.jpg,"Chaoreum Hair Salon / HAhi Studio - Interior Photography, Kitchen, Wood, Glass, Chair"
image_938.jpg,"Chaoreum Hair Salon / HAhi Studio - Interior Photography, Chair, Glass"
image_939.jpg,"House in Akiyoshidai / OHArchitecture - Interior Photography, Kitchen, Wood, Concrete"
image_940.jpg,"House in Akiyoshidai / OHArchitecture - Interior Photography, Wood"
image_941.jpg,"North Shore Residence / HEID Architects - Interior Photography, Living Room, Sofa, Wood, Table, Lighting, Chair"
image_942.jpg,"North Shore Residence / HEID Architects - Exterior Photography, Garden"
image_943.jpg,"Falkland Road / Studio 163 - Exterior Photography, Brick, Concrete"
image_944.jpg,"Falkland Road / Studio 163 - Interior Photography, Kitchen, Wood, Countertop, Glass"
image_945.jpg,Villejuif Gustave Roussy Station / Dominique Perrault Architecture - Interior Photography
image_946.jpg,Villejuif Gustave Roussy Station / Dominique Perrault Architecture - Drawings
image_947.jpg,"Vedic Vidya Kendra Retreat Center / Shanmugam Associates - Exterior Photography, Glass, Courtyard"
image_948.jpg,"Vedic Vidya Kendra Retreat Center / Shanmugam Associates - Exterior Photography, Courtyard, Balcony"
image_949.jpg,"RiverRidge Cafe / KKOL STUDIO - Interior Photography, Wood, Chair"
image_950.jpg,"RiverRidge Cafe / KKOL STUDIO - Interior Photography, Wood, Chair"
image_951.jpg,"Frondal House / Taller MRD - Exterior Photography, Wood, Patio, Courtyard"
image_952.jpg,"Frondal House / Taller MRD - Exterior Photography, Wood"
image_953.jpg,United-in-Diversity Campus / Willis Kusuma Architects - Exterior Photography
image_954.jpg,United-in-Diversity Campus / Willis Kusuma Architects - Exterior Photography
image_955.jpg,ISHIDA TOKYO Regional Headquarters / Nikken Sekkei - Exterior Photography
image_956.jpg,"ISHIDA TOKYO Regional Headquarters / Nikken Sekkei - Interior Photography, Stairs, Wood, Glass"
image_957.jpg,"Tomac Winery / Dva Arhitekta - Interior Photography, Wood"
image_958.jpg,Tomac Winery / Dva Arhitekta - Exterior Photography
image_959.jpg,"White House / DADA Partners - Exterior Photography, Balcony"
image_960.jpg,"White House / DADA Partners - Exterior Photography, Door, Courtyard"
image_961.jpg,Mian R&D Renovation / Idee architects - Exterior Photography
image_962.jpg,"Mian R&D Renovation / Idee architects - Interior Photography, Concrete"
image_963.jpg,"Lapatoo House / Fabian Tan Architect - Interior Photography, Wood, Lighting, Chair"
image_964.jpg,"Lapatoo House / Fabian Tan Architect - Exterior Photography, Balcony"
image_965.jpg,Fyrtornet High-Rise Building / Wingårdhs - Interior Photography
image_966.jpg,"Fyrtornet High-Rise Building / Wingårdhs - Exterior Photography, Facade"
image_967.jpg,"Charras Centre Market Hall Public Car Park and Esplanade / croixmariebourdon architectes associés - Exterior Photography, Facade"
image_968.jpg,"Charras Centre Market Hall Public Car Park and Esplanade / croixmariebourdon architectes associés - Exterior Photography, Facade"
image_969.jpg,Tan Mok Won Mixed Use Space/ USER + NAUxLab - Exterior Photography
image_970.jpg,Tan Mok Won Mixed Use Space/ USER + NAUxLab - Exterior Photography
image_971.jpg,"Hotel Nazuna Kyoto Higashihonganji / STUDIO ALUC - Interior Photography, Living Room, Lighting, Bedroom"
image_972.jpg,"Hotel Nazuna Kyoto Higashihonganji / STUDIO ALUC - Interior Photography, Lighting"
image_973.jpg,Louis-Saint-Laurent School / STGM Architectes + Ateliers Architecture - Exterior Photography
image_974.jpg,"Louis-Saint-Laurent School / STGM Architectes + Ateliers Architecture - Interior Photography, Shelving, Chair"
image_975.jpg,Jean Moulin Building / AZC Architects - Exterior Photography
image_976.jpg,Jean Moulin Building / AZC Architects - Exterior Photography
image_977.jpg,"Le Potager Extraordinaire Center / Guinée et Potin Architects - Exterior Photography, Wood"
image_978.jpg,Le Potager Extraordinaire Center / Guinée et Potin Architects - Exterior Photography
image_979.jpg,"Drishti / Hiren Patel Architects - Exterior Photography, Garden"
image_980.jpg,Drishti / Hiren Patel Architects - Exterior Photography
image_981.jpg,Seolhaeone ClubHouse / JOHO Architecture - Exterior Photography
image_982.jpg,Seolhaeone ClubHouse / JOHO Architecture - Interior Photography
image_983.jpg,"CEDFOB Innovation Pavillon and Research Center / STGM Architectes - Exterior Photography, Facade"
image_984.jpg,CEDFOB Innovation Pavillon and Research Center / STGM Architectes - Exterior Photography
image_985.jpg,"Backyard House / super future collective + studio sufuco - Interior Photography, Balcony"
image_986.jpg,"Backyard House / super future collective + studio sufuco - Exterior Photography, Glass"
image_987.jpg,"Lost Villa · Ginkgo Valley Design Hotel / Moguang Studio - Interior Photography, Wood"
image_988.jpg,"Lost Villa · Ginkgo Valley Design Hotel / Moguang Studio - Interior Photography, Wood, Glass"
image_989.jpg,"Palco House / Cecchi Millan - Exterior Photography, Door, Windows, Facade, Stairs"
image_990.jpg,"Palco House / Cecchi Millan - Interior Photography, Table, Countertop, Windows, Chair, Beam"
image_991.jpg,Kaijonharju Daycare Center  / MUUAN - Exterior Photography
image_992.jpg,Kaijonharju Daycare Center  / MUUAN - Exterior Photography
image_993.jpg,"The Old Byre Home / Gianni Botsford Architects - Exterior Photography, Concrete"
image_994.jpg,The Old Byre Home / Gianni Botsford Architects - Exterior Photography
image_995.jpg,AlMusalla at the Islamic Arts Biennale / East Architecture Studio - Interior Photography
image_996.jpg,AlMusalla at the Islamic Arts Biennale / East Architecture Studio - Exterior Photography
image_997.jpg,"Scenography for the 2025 Islamic Arts Biennale / OMA - Interior Photography, Living Room"
image_998.jpg,Scenography for the 2025 Islamic Arts Biennale / OMA - Interior Photography
